ts_utc,ts_local,weekday,dow,hour,minute,occupancy_pct,status
2026-09-14T15:40:57Z,2026-09-14 18:40:57,Monday,0,18,40,59,ok
2026-09-14T16:36:45Z,2026-09-14 19:36:45,Monday,0,19,36,49,ok
2026-09-14T19:09:08Z,2026-09-14 22:09:08,Monday,0,22,9,0,ok
2026-09-14T19:15:42Z,2026-09-14 22:15:42,Monday,0,22,15,0,ok
2026-09-14T19:30:56Z,2026-09-14 22:30:56,Monday,0,22,30,0,ok
2026-09-14T19:45:39Z,2026-09-14 22:45:39,Monday,0,22,45,0,ok
2026-09-14T20:01:12Z,2026-09-14 23:01:12,Monday,0,23,1,0,ok
2026-09-14T20:15:39Z,2026-09-14 23:15:39,Monday,0,23,15,0,ok
2026-09-14T20:30:56Z,2026-09-14 23:30:56,Monday,0,23,30,0,ok
2026-09-14T20:38:08Z,2026-09-14 23:38:08,Monday,0,23,38,0,ok
2026-09-14T20:45:40Z,2026-09-14 23:45:40,Monday,0,23,45,0,ok
2026-09-14T21:01:08Z,2026-09-15 00:01:08,Tuesday,1,0,1,0,ok
2026-09-14T21:15:44Z,2026-09-15 00:15:44,Tuesday,1,0,15,0,ok
2026-09-14T21:30:59Z,2026-09-15 00:30:59,Tuesday,1,0,30,0,ok
2026-09-14T21:45:41Z,2026-09-15 00:45:41,Tuesday,1,0,45,0,ok
2026-09-14T22:01:17Z,2026-09-15 01:01:17,Tuesday,1,1,1,0,ok
2026-09-14T22:15:47Z,2026-09-15 01:15:47,Tuesday,1,1,15,0,ok
2026-09-14T22:30:57Z,2026-09-15 01:30:57,Tuesday,1,1,30,0,ok
2026-09-14T22:45:39Z,2026-09-15 01:45:39,Tuesday,1,1,45,0,ok
2026-09-14T23:01:06Z,2026-09-15 02:01:06,Tuesday,1,2,1,0,ok
2026-09-14T23:15:42Z,2026-09-15 02:15:42,Tuesday,1,2,15,0,ok
2026-09-14T23:30:57Z,2026-09-15 02:30:57,Tuesday,1,2,30,0,ok
2026-09-14T23:45:38Z,2026-09-15 02:45:38,Tuesday,1,2,45,0,ok
2026-09-15T00:01:12Z,2026-09-15 03:01:12,Tuesday,1,3,1,0,ok
2026-09-15T00:15:40Z,2026-09-15 03:15:40,Tuesday,1,3,15,0,ok
2026-09-15T00:30:54Z,2026-09-15 03:30:54,Tuesday,1,3,30,0,ok
2026-09-15T00:45:38Z,2026-09-15 03:45:38,Tuesday,1,3,45,0,ok
2026-09-15T01:01:07Z,2026-09-15 04:01:07,Tuesday,1,4,1,0,ok
2026-09-15T01:15:41Z,2026-09-15 04:15:41,Tuesday,1,4,15,0,ok
2026-09-15T01:30:57Z,2026-09-15 04:30:57,Tuesday,1,4,30,0,ok
2026-09-15T01:45:39Z,2026-09-15 04:45:39,Tuesday,1,4,45,0,ok
2026-09-15T01:50:50Z,2026-09-15 04:50:50,Tuesday,1,4,50,0,ok
2026-09-15T02:01:09Z,2026-09-15 05:01:09,Tuesday,1,5,1,0,ok
2026-09-15T02:15:40Z,2026-09-15 05:15:40,Tuesday,1,5,15,0,ok
2026-09-15T02:30:58Z,2026-09-15 05:30:58,Tuesday,1,5,30,0,ok
2026-09-15T02:45:40Z,2026-09-15 05:45:40,Tuesday,1,5,45,0,ok
2026-09-15T03:01:09Z,2026-09-15 06:01:09,Tuesday,1,6,1,2,ok
2026-09-15T03:15:40Z,2026-09-15 06:15:40,Tuesday,1,6,15,9,ok
2026-09-15T03:30:57Z,2026-09-15 06:30:57,Tuesday,1,6,30,11,ok
2026-09-15T03:45:40Z,2026-09-15 06:45:40,Tuesday,1,6,45,14,ok
2026-09-15T04:01:07Z,2026-09-15 07:01:07,Tuesday,1,7,1,15,ok
2026-09-15T04:15:38Z,2026-09-15 07:15:38,Tuesday,1,7,15,14,ok
2026-09-15T04:31:00Z,2026-09-15 07:31:00,Tuesday,1,7,31,15,ok
2026-09-15T04:45:39Z,2026-09-15 07:45:39,Tuesday,1,7,45,15,ok
2026-09-15T05:01:12Z,2026-09-15 08:01:12,Tuesday,1,8,1,14,ok
2026-09-15T05:15:39Z,2026-09-15 08:15:39,Tuesday,1,8,15,16,ok
2026-09-15T05:30:56Z,2026-09-15 08:30:56,Tuesday,1,8,30,15,ok
2026-09-15T05:45:38Z,2026-09-15 08:45:38,Tuesday,1,8,45,14,ok
2026-09-15T06:01:11Z,2026-09-15 09:01:11,Tuesday,1,9,1,16,ok
2026-09-15T06:15:40Z,2026-09-15 09:15:40,Tuesday,1,9,15,15,ok
2026-09-15T06:31:01Z,2026-09-15 09:31:01,Tuesday,1,9,31,14,ok
2026-09-15T06:45:42Z,2026-09-15 09:45:42,Tuesday,1,9,45,15,ok
2026-09-15T07:01:11Z,2026-09-15 10:01:11,Tuesday,1,10,1,14,ok
2026-09-15T07:15:49Z,2026-09-15 10:15:49,Tuesday,1,10,15,13,ok
2026-09-15T07:30:59Z,2026-09-15 10:30:59,Tuesday,1,10,30,12,ok
2026-09-15T07:33:20Z,2026-09-15 10:33:20,Tuesday,1,10,33,12,ok
2026-09-15T07:45:42Z,2026-09-15 10:45:42,Tuesday,1,10,45,13,ok
2026-09-15T08:01:12Z,2026-09-15 11:01:12,Tuesday,1,11,1,,http_error:TimeoutError
2026-09-15T08:15:42Z,2026-09-15 11:15:42,Tuesday,1,11,15,16,ok
2026-09-15T08:31:04Z,2026-09-15 11:31:04,Tuesday,1,11,31,17,ok
2026-09-15T08:45:43Z,2026-09-15 11:45:43,Tuesday,1,11,45,18,ok
2026-09-15T09:01:16Z,2026-09-15 12:01:16,Tuesday,1,12,1,20,ok
2026-09-15T09:15:43Z,2026-09-15 12:15:43,Tuesday,1,12,15,20,ok
2026-09-15T09:31:03Z,2026-09-15 12:31:03,Tuesday,1,12,31,19,ok
2026-09-15T09:45:41Z,2026-09-15 12:45:41,Tuesday,1,12,45,16,ok
2026-09-15T10:01:10Z,2026-09-15 13:01:10,Tuesday,1,13,1,13,ok
2026-09-15T10:15:39Z,2026-09-15 13:15:39,Tuesday,1,13,15,12,ok
2026-09-15T10:30:59Z,2026-09-15 13:30:59,Tuesday,1,13,30,,http_error:URLError
2026-09-15T10:45:39Z,2026-09-15 13:45:39,Tuesday,1,13,45,11,ok
2026-09-15T11:01:11Z,2026-09-15 14:01:11,Tuesday,1,14,1,11,ok
2026-09-15T11:15:43Z,2026-09-15 14:15:43,Tuesday,1,14,15,10,ok
2026-09-15T11:31:00Z,2026-09-15 14:31:00,Tuesday,1,14,31,12,ok
2026-09-15T11:45:41Z,2026-09-15 14:45:41,Tuesday,1,14,45,11,ok
2026-09-15T12:01:17Z,2026-09-15 15:01:17,Tuesday,1,15,1,20,ok
2026-09-15T12:15:42Z,2026-09-15 15:15:42,Tuesday,1,15,15,23,ok
2026-09-15T12:31:05Z,2026-09-15 15:31:05,Tuesday,1,15,31,25,ok
2026-09-15T12:45:42Z,2026-09-15 15:45:42,Tuesday,1,15,45,28,ok
2026-09-15T12:54:17Z,2026-09-15 15:54:17,Tuesday,1,15,54,34,ok
2026-09-15T13:01:14Z,2026-09-15 16:01:14,Tuesday,1,16,1,36,ok
2026-09-15T13:15:44Z,2026-09-15 16:15:44,Tuesday,1,16,15,37,ok
2026-09-15T13:31:01Z,2026-09-15 16:31:01,Tuesday,1,16,31,37,ok
2026-09-15T13:45:42Z,2026-09-15 16:45:42,Tuesday,1,16,45,42,ok
2026-09-15T14:01:13Z,2026-09-15 17:01:13,Tuesday,1,17,1,47,ok
2026-09-15T14:15:44Z,2026-09-15 17:15:44,Tuesday,1,17,15,46,ok
2026-09-15T14:30:58Z,2026-09-15 17:30:58,Tuesday,1,17,30,46,ok
2026-09-15T14:45:42Z,2026-09-15 17:45:42,Tuesday,1,17,45,51,ok
2026-09-15T15:01:14Z,2026-09-15 18:01:14,Tuesday,1,18,1,51,ok
2026-09-15T15:15:44Z,2026-09-15 18:15:44,Tuesday,1,18,15,,http_error:URLError
2026-09-15T15:31:05Z,2026-09-15 18:31:05,Tuesday,1,18,31,55,ok
2026-09-15T15:45:40Z,2026-09-15 18:45:40,Tuesday,1,18,45,54,ok
2026-09-15T16:01:29Z,2026-09-15 19:01:29,Tuesday,1,19,1,53,ok
2026-09-15T16:15:41Z,2026-09-15 19:15:41,Tuesday,1,19,15,50,ok
2026-09-15T16:31:36Z,2026-09-15 19:31:36,Tuesday,1,19,31,46,ok
2026-09-15T16:45:42Z,2026-09-15 19:45:42,Tuesday,1,19,45,44,ok
2026-09-15T17:01:14Z,2026-09-15 20:01:14,Tuesday,1,20,1,41,ok
2026-09-15T17:15:44Z,2026-09-15 20:15:44,Tuesday,1,20,15,38,ok
2026-09-15T17:30:59Z,2026-09-15 20:30:59,Tuesday,1,20,30,30,ok
2026-09-15T17:36:49Z,2026-09-15 20:36:49,Tuesday,1,20,36,28,ok
2026-09-15T17:45:41Z,2026-09-15 20:45:41,Tuesday,1,20,45,26,ok
2026-09-15T18:01:16Z,2026-09-15 21:01:16,Tuesday,1,21,1,24,ok
2026-09-15T18:15:42Z,2026-09-15 21:15:42,Tuesday,1,21,15,21,ok
2026-09-15T18:31:00Z,2026-09-15 21:31:00,Tuesday,1,21,31,14,ok
2026-09-15T18:45:42Z,2026-09-15 21:45:42,Tuesday,1,21,45,6,ok
2026-09-15T19:01:15Z,2026-09-15 22:01:15,Tuesday,1,22,1,0,ok
2026-09-15T19:15:43Z,2026-09-15 22:15:43,Tuesday,1,22,15,0,ok
2026-09-15T19:31:01Z,2026-09-15 22:31:01,Tuesday,1,22,31,0,ok
2026-09-15T19:45:40Z,2026-09-15 22:45:40,Tuesday,1,22,45,0,ok
2026-09-15T20:01:12Z,2026-09-15 23:01:12,Tuesday,1,23,1,0,ok
2026-09-15T20:15:39Z,2026-09-15 23:15:39,Tuesday,1,23,15,0,ok
2026-09-15T20:28:29Z,2026-09-15 23:28:29,Tuesday,1,23,28,0,ok
2026-09-15T20:30:58Z,2026-09-15 23:30:58,Tuesday,1,23,30,0,ok
2026-09-15T20:45:42Z,2026-09-15 23:45:42,Tuesday,1,23,45,0,ok
2026-09-15T21:01:12Z,2026-09-16 00:01:12,Wednesday,2,0,1,0,ok
2026-09-15T21:15:44Z,2026-09-16 00:15:44,Wednesday,2,0,15,0,ok
2026-09-15T21:31:00Z,2026-09-16 00:31:00,Wednesday,2,0,31,0,ok
2026-09-15T21:45:40Z,2026-09-16 00:45:40,Wednesday,2,0,45,0,ok
2026-09-15T22:01:17Z,2026-09-16 01:01:17,Wednesday,2,1,1,0,ok
2026-09-15T22:15:39Z,2026-09-16 01:15:39,Wednesday,2,1,15,0,ok
2026-09-15T22:31:01Z,2026-09-16 01:31:01,Wednesday,2,1,31,0,ok
2026-09-15T22:45:41Z,2026-09-16 01:45:41,Wednesday,2,1,45,0,ok
2026-09-15T23:01:13Z,2026-09-16 02:01:13,Wednesday,2,2,1,0,ok
2026-09-15T23:06:52Z,2026-09-16 02:06:52,Wednesday,2,2,6,0,ok
2026-09-15T23:15:43Z,2026-09-16 02:15:43,Wednesday,2,2,15,0,ok
2026-09-15T23:30:59Z,2026-09-16 02:30:59,Wednesday,2,2,30,0,ok
2026-09-15T23:45:44Z,2026-09-16 02:45:44,Wednesday,2,2,45,0,ok
2026-09-16T00:01:17Z,2026-09-16 03:01:17,Wednesday,2,3,1,0,ok
2026-09-16T00:15:37Z,2026-09-16 03:15:37,Wednesday,2,3,15,0,ok
2026-09-16T00:30:59Z,2026-09-16 03:30:59,Wednesday,2,3,30,0,ok
2026-09-16T00:45:41Z,2026-09-16 03:45:41,Wednesday,2,3,45,0,ok
2026-09-16T01:01:14Z,2026-09-16 04:01:14,Wednesday,2,4,1,0,ok
2026-09-16T01:15:39Z,2026-09-16 04:15:39,Wednesday,2,4,15,0,ok
2026-09-16T01:27:51Z,2026-09-16 04:27:51,Wednesday,2,4,27,0,ok
2026-09-16T01:31:00Z,2026-09-16 04:31:00,Wednesday,2,4,31,0,ok
2026-09-16T01:45:39Z,2026-09-16 04:45:39,Wednesday,2,4,45,0,ok
2026-09-16T02:01:10Z,2026-09-16 05:01:10,Wednesday,2,5,1,0,ok
2026-09-16T02:15:40Z,2026-09-16 05:15:40,Wednesday,2,5,15,0,ok
2026-09-16T02:30:58Z,2026-09-16 05:30:58,Wednesday,2,5,30,0,ok
2026-09-16T02:45:40Z,2026-09-16 05:45:40,Wednesday,2,5,45,0,ok
2026-09-16T03:01:11Z,2026-09-16 06:01:11,Wednesday,2,6,1,3,ok
2026-09-16T03:15:39Z,2026-09-16 06:15:39,Wednesday,2,6,15,11,ok
2026-09-16T03:30:57Z,2026-09-16 06:30:57,Wednesday,2,6,30,13,ok
2026-09-16T03:45:42Z,2026-09-16 06:45:42,Wednesday,2,6,45,15,ok
2026-09-16T04:01:18Z,2026-09-16 07:01:18,Wednesday,2,7,1,15,ok
2026-09-16T04:15:41Z,2026-09-16 07:15:41,Wednesday,2,7,15,15,ok
2026-09-16T04:31:00Z,2026-09-16 07:31:00,Wednesday,2,7,31,15,ok
2026-09-16T04:45:39Z,2026-09-16 07:45:39,Wednesday,2,7,45,16,ok
2026-09-16T05:01:14Z,2026-09-16 08:01:14,Wednesday,2,8,1,13,ok
2026-09-16T05:15:44Z,2026-09-16 08:15:44,Wednesday,2,8,15,13,ok
2026-09-16T05:30:59Z,2026-09-16 08:30:59,Wednesday,2,8,30,14,ok
2026-09-16T05:45:42Z,2026-09-16 08:45:42,Wednesday,2,8,45,14,ok
2026-09-16T06:01:19Z,2026-09-16 09:01:19,Wednesday,2,9,1,14,ok
2026-09-16T06:15:43Z,2026-09-16 09:15:43,Wednesday,2,9,15,15,ok
2026-09-16T06:31:01Z,2026-09-16 09:31:01,Wednesday,2,9,31,13,ok
2026-09-16T06:35:12Z,2026-09-16 09:35:12,Wednesday,2,9,35,13,ok
2026-09-16T06:45:44Z,2026-09-16 09:45:44,Wednesday,2,9,45,12,ok
2026-09-16T07:01:18Z,2026-09-16 10:01:18,Wednesday,2,10,1,12,ok
2026-09-16T07:15:47Z,2026-09-16 10:15:47,Wednesday,2,10,15,12,ok
2026-09-16T07:30:59Z,2026-09-16 10:30:59,Wednesday,2,10,30,11,ok
2026-09-16T07:45:43Z,2026-09-16 10:45:43,Wednesday,2,10,45,11,ok
2026-09-16T08:01:18Z,2026-09-16 11:01:18,Wednesday,2,11,1,11,ok
2026-09-16T08:15:44Z,2026-09-16 11:15:44,Wednesday,2,11,15,11,ok
2026-09-16T08:31:29Z,2026-09-16 11:31:29,Wednesday,2,11,31,11,ok
2026-09-16T08:45:45Z,2026-09-16 11:45:45,Wednesday,2,11,45,11,ok
2026-09-16T09:01:16Z,2026-09-16 12:01:16,Wednesday,2,12,1,13,ok
2026-09-16T09:15:47Z,2026-09-16 12:15:47,Wednesday,2,12,15,15,ok
2026-09-16T09:31:05Z,2026-09-16 12:31:05,Wednesday,2,12,31,16,ok
2026-09-16T09:45:42Z,2026-09-16 12:45:42,Wednesday,2,12,45,16,ok
2026-09-16T10:01:20Z,2026-09-16 13:01:20,Wednesday,2,13,1,14,ok
2026-09-16T10:15:43Z,2026-09-16 13:15:43,Wednesday,2,13,15,14,ok
2026-09-16T10:31:00Z,2026-09-16 13:31:00,Wednesday,2,13,31,14,ok
2026-09-16T10:45:42Z,2026-09-16 13:45:42,Wednesday,2,13,45,,http_error:URLError
2026-09-16T11:01:18Z,2026-09-16 14:01:18,Wednesday,2,14,1,13,ok
2026-09-16T11:15:41Z,2026-09-16 14:15:41,Wednesday,2,14,15,12,ok
2026-09-16T11:31:06Z,2026-09-16 14:31:06,Wednesday,2,14,31,13,ok
2026-09-16T11:45:45Z,2026-09-16 14:45:45,Wednesday,2,14,45,15,ok
2026-09-16T12:01:17Z,2026-09-16 15:01:17,Wednesday,2,15,1,24,ok
2026-09-16T12:08:48Z,2026-09-16 15:08:48,Wednesday,2,15,8,26,ok
2026-09-16T12:15:47Z,2026-09-16 15:15:47,Wednesday,2,15,15,28,ok
2026-09-16T12:31:02Z,2026-09-16 15:31:02,Wednesday,2,15,31,31,ok
2026-09-16T12:45:43Z,2026-09-16 15:45:43,Wednesday,2,15,45,36,ok
2026-09-16T13:01:13Z,2026-09-16 16:01:13,Wednesday,2,16,1,44,ok
2026-09-16T13:15:42Z,2026-09-16 16:15:42,Wednesday,2,16,15,47,ok
2026-09-16T13:31:02Z,2026-09-16 16:31:02,Wednesday,2,16,31,45,ok
2026-09-16T13:45:43Z,2026-09-16 16:45:43,Wednesday,2,16,45,46,ok
2026-09-16T14:01:15Z,2026-09-16 17:01:15,Wednesday,2,17,1,47,ok
2026-09-16T14:15:50Z,2026-09-16 17:15:50,Wednesday,2,17,15,47,ok
2026-09-16T14:31:02Z,2026-09-16 17:31:02,Wednesday,2,17,31,50,ok
2026-09-16T14:45:45Z,2026-09-16 17:45:45,Wednesday,2,17,45,53,ok
2026-09-16T15:01:17Z,2026-09-16 18:01:17,Wednesday,2,18,1,51,ok
2026-09-16T15:15:43Z,2026-09-16 18:15:43,Wednesday,2,18,15,54,ok
2026-09-16T15:31:08Z,2026-09-16 18:31:08,Wednesday,2,18,31,59,ok
2026-09-16T15:45:40Z,2026-09-16 18:45:40,Wednesday,2,18,45,55,ok
2026-09-16T16:01:14Z,2026-09-16 19:01:14,Wednesday,2,19,1,53,ok
2026-09-16T16:15:42Z,2026-09-16 19:15:42,Wednesday,2,19,15,51,ok
2026-09-16T16:31:05Z,2026-09-16 19:31:05,Wednesday,2,19,31,47,ok
2026-09-16T16:45:41Z,2026-09-16 19:45:41,Wednesday,2,19,45,43,ok
2026-09-16T17:01:16Z,2026-09-16 20:01:16,Wednesday,2,20,1,40,ok
2026-09-16T17:01:30Z,2026-09-16 20:01:30,Wednesday,2,20,1,40,ok
2026-09-16T17:15:42Z,2026-09-16 20:15:42,Wednesday,2,20,15,37,ok
2026-09-16T17:31:00Z,2026-09-16 20:31:00,Wednesday,2,20,31,31,ok
2026-09-16T17:45:55Z,2026-09-16 20:45:55,Wednesday,2,20,45,27,ok
2026-09-16T18:01:18Z,2026-09-16 21:01:18,Wednesday,2,21,1,24,ok
2026-09-16T18:15:43Z,2026-09-16 21:15:43,Wednesday,2,21,15,20,ok
2026-09-16T18:31:02Z,2026-09-16 21:31:02,Wednesday,2,21,31,17,ok
2026-09-16T18:45:41Z,2026-09-16 21:45:41,Wednesday,2,21,45,12,ok
2026-09-16T19:01:15Z,2026-09-16 22:01:15,Wednesday,2,22,1,0,ok
2026-09-16T19:15:41Z,2026-09-16 22:15:41,Wednesday,2,22,15,0,ok
2026-09-16T19:31:02Z,2026-09-16 22:31:02,Wednesday,2,22,31,0,ok
2026-09-16T19:45:44Z,2026-09-16 22:45:44,Wednesday,2,22,45,0,ok
2026-09-16T20:01:10Z,2026-09-16 23:01:10,Wednesday,2,23,1,0,ok
2026-09-16T20:15:41Z,2026-09-16 23:15:41,Wednesday,2,23,15,0,ok
2026-09-16T20:31:00Z,2026-09-16 23:31:00,Wednesday,2,23,31,0,ok
2026-09-16T20:45:41Z,2026-09-16 23:45:41,Wednesday,2,23,45,0,ok
2026-09-16T21:01:17Z,2026-09-17 00:01:17,Thursday,3,0,1,0,ok
2026-09-16T21:15:41Z,2026-09-17 00:15:41,Thursday,3,0,15,0,ok
2026-09-16T21:30:59Z,2026-09-17 00:30:59,Thursday,3,0,30,0,ok
2026-09-16T21:45:41Z,2026-09-17 00:45:41,Thursday,3,0,45,0,ok
2026-09-16T22:01:19Z,2026-09-17 01:01:19,Thursday,3,1,1,0,ok
2026-09-16T22:15:39Z,2026-09-17 01:15:39,Thursday,3,1,15,0,ok
2026-09-16T22:30:59Z,2026-09-17 01:30:59,Thursday,3,1,30,0,ok
2026-09-16T22:45:40Z,2026-09-17 01:45:40,Thursday,3,1,45,0,ok
2026-09-16T22:52:11Z,2026-09-17 01:52:11,Thursday,3,1,52,0,ok
2026-09-16T23:01:15Z,2026-09-17 02:01:15,Thursday,3,2,1,0,ok
2026-09-16T23:15:41Z,2026-09-17 02:15:41,Thursday,3,2,15,0,ok
2026-09-16T23:30:57Z,2026-09-17 02:30:57,Thursday,3,2,30,0,ok
2026-09-16T23:45:39Z,2026-09-17 02:45:39,Thursday,3,2,45,0,ok
2026-09-17T00:01:18Z,2026-09-17 03:01:18,Thursday,3,3,1,0,ok
2026-09-17T00:15:41Z,2026-09-17 03:15:41,Thursday,3,3,15,0,ok
2026-09-17T00:30:58Z,2026-09-17 03:30:58,Thursday,3,3,30,0,ok
2026-09-17T00:45:39Z,2026-09-17 03:45:39,Thursday,3,3,45,0,ok
2026-09-17T01:01:13Z,2026-09-17 04:01:13,Thursday,3,4,1,0,ok
2026-09-17T01:14:55Z,2026-09-17 04:14:55,Thursday,3,4,14,0,ok
2026-09-17T01:15:45Z,2026-09-17 04:15:45,Thursday,3,4,15,0,ok
2026-09-17T01:30:59Z,2026-09-17 04:30:59,Thursday,3,4,30,0,ok
2026-09-17T01:45:41Z,2026-09-17 04:45:41,Thursday,3,4,45,0,ok
2026-09-17T02:01:11Z,2026-09-17 05:01:11,Thursday,3,5,1,0,ok
2026-09-17T02:15:44Z,2026-09-17 05:15:44,Thursday,3,5,15,0,ok
2026-09-17T02:31:00Z,2026-09-17 05:31:00,Thursday,3,5,31,0,ok
2026-09-17T02:45:41Z,2026-09-17 05:45:41,Thursday,3,5,45,0,ok
2026-09-17T03:01:13Z,2026-09-17 06:01:13,Thursday,3,6,1,3,ok
2026-09-17T03:15:43Z,2026-09-17 06:15:43,Thursday,3,6,15,9,ok
2026-09-17T03:30:59Z,2026-09-17 06:30:59,Thursday,3,6,30,11,ok
2026-09-17T03:45:42Z,2026-09-17 06:45:42,Thursday,3,6,45,12,ok
2026-09-17T04:01:13Z,2026-09-17 07:01:13,Thursday,3,7,1,12,ok
2026-09-17T04:15:42Z,2026-09-17 07:15:42,Thursday,3,7,15,10,ok
2026-09-17T04:31:03Z,2026-09-17 07:31:03,Thursday,3,7,31,12,ok
2026-09-17T04:45:45Z,2026-09-17 07:45:45,Thursday,3,7,45,12,ok
2026-09-17T05:01:13Z,2026-09-17 08:01:13,Thursday,3,8,1,10,ok
2026-09-17T05:15:47Z,2026-09-17 08:15:47,Thursday,3,8,15,12,ok
2026-09-17T05:31:01Z,2026-09-17 08:31:01,Thursday,3,8,31,11,ok
2026-09-17T05:45:42Z,2026-09-17 08:45:42,Thursday,3,8,45,11,ok
2026-09-17T06:01:26Z,2026-09-17 09:01:26,Thursday,3,9,1,12,ok
2026-09-17T06:11:05Z,2026-09-17 09:11:05,Thursday,3,9,11,11,ok
2026-09-17T06:15:49Z,2026-09-17 09:15:49,Thursday,3,9,15,11,ok
2026-09-17T06:31:05Z,2026-09-17 09:31:05,Thursday,3,9,31,9,ok
2026-09-17T06:45:44Z,2026-09-17 09:45:44,Thursday,3,9,45,8,ok
2026-09-17T07:01:16Z,2026-09-17 10:01:16,Thursday,3,10,1,9,ok
2026-09-17T07:15:42Z,2026-09-17 10:15:42,Thursday,3,10,15,9,ok
2026-09-17T07:31:11Z,2026-09-17 10:31:11,Thursday,3,10,31,12,ok
2026-09-17T07:45:43Z,2026-09-17 10:45:43,Thursday,3,10,45,14,ok
2026-09-17T08:01:15Z,2026-09-17 11:01:15,Thursday,3,11,1,17,ok
2026-09-17T08:15:50Z,2026-09-17 11:15:50,Thursday,3,11,15,17,ok
2026-09-17T08:31:06Z,2026-09-17 11:31:06,Thursday,3,11,31,17,ok
2026-09-17T08:45:50Z,2026-09-17 11:45:50,Thursday,3,11,45,17,ok
2026-09-17T09:01:22Z,2026-09-17 12:01:22,Thursday,3,12,1,19,ok
2026-09-17T09:15:49Z,2026-09-17 12:15:49,Thursday,3,12,15,20,ok
2026-09-17T09:31:08Z,2026-09-17 12:31:08,Thursday,3,12,31,19,ok
2026-09-17T09:45:42Z,2026-09-17 12:45:42,Thursday,3,12,45,18,ok
2026-09-17T10:01:12Z,2026-09-17 13:01:12,Thursday,3,13,1,16,ok
2026-09-17T10:15:46Z,2026-09-17 13:15:46,Thursday,3,13,15,15,ok
2026-09-17T10:31:02Z,2026-09-17 13:31:02,Thursday,3,13,31,13,ok
2026-09-17T10:45:41Z,2026-09-17 13:45:41,Thursday,3,13,45,11,ok
2026-09-17T11:01:17Z,2026-09-17 14:01:17,Thursday,3,14,1,10,ok
2026-09-17T11:15:43Z,2026-09-17 14:15:43,Thursday,3,14,15,10,ok
2026-09-17T11:31:04Z,2026-09-17 14:31:04,Thursday,3,14,31,12,ok
2026-09-17T11:45:44Z,2026-09-17 14:45:44,Thursday,3,14,45,12,ok
2026-09-17T11:46:28Z,2026-09-17 14:46:28,Thursday,3,14,46,,http_error:URLError
2026-09-17T12:01:18Z,2026-09-17 15:01:18,Thursday,3,15,1,20,ok
2026-09-17T12:15:48Z,2026-09-17 15:15:48,Thursday,3,15,15,26,ok
2026-09-17T12:31:02Z,2026-09-17 15:31:02,Thursday,3,15,31,29,ok
2026-09-17T12:45:42Z,2026-09-17 15:45:42,Thursday,3,15,45,33,ok
2026-09-17T13:01:18Z,2026-09-17 16:01:18,Thursday,3,16,1,40,ok
2026-09-17T13:15:45Z,2026-09-17 16:15:45,Thursday,3,16,15,42,ok
2026-09-17T13:31:05Z,2026-09-17 16:31:05,Thursday,3,16,31,41,ok
2026-09-17T13:45:44Z,2026-09-17 16:45:44,Thursday,3,16,45,42,ok
2026-09-17T14:01:16Z,2026-09-17 17:01:16,Thursday,3,17,1,43,ok
2026-09-17T14:15:43Z,2026-09-17 17:15:43,Thursday,3,17,15,42,ok
2026-09-17T14:31:03Z,2026-09-17 17:31:03,Thursday,3,17,31,45,ok
2026-09-17T14:45:44Z,2026-09-17 17:45:44,Thursday,3,17,45,50,ok
2026-09-17T15:01:17Z,2026-09-17 18:01:17,Thursday,3,18,1,54,ok
2026-09-17T15:15:45Z,2026-09-17 18:15:45,Thursday,3,18,15,48,ok
2026-09-17T15:31:08Z,2026-09-17 18:31:08,Thursday,3,18,31,57,ok
2026-09-17T15:41:18Z,2026-09-17 18:41:18,Thursday,3,18,41,55,ok
2026-09-17T15:45:43Z,2026-09-17 18:45:43,Thursday,3,18,45,54,ok
2026-09-17T16:01:19Z,2026-09-17 19:01:19,Thursday,3,19,1,53,ok
2026-09-17T16:15:48Z,2026-09-17 19:15:48,Thursday,3,19,15,52,ok
2026-09-17T16:31:03Z,2026-09-17 19:31:03,Thursday,3,19,31,45,ok
2026-09-17T16:45:43Z,2026-09-17 19:45:43,Thursday,3,19,45,41,ok
2026-09-17T17:01:17Z,2026-09-17 20:01:17,Thursday,3,20,1,38,ok
2026-09-17T17:15:44Z,2026-09-17 20:15:44,Thursday,3,20,15,32,ok
2026-09-17T17:31:02Z,2026-09-17 20:31:02,Thursday,3,20,31,28,ok
2026-09-17T17:46:19Z,2026-09-17 20:46:19,Thursday,3,20,46,24,ok
2026-09-17T18:01:20Z,2026-09-17 21:01:20,Thursday,3,21,1,22,ok
2026-09-17T18:15:43Z,2026-09-17 21:15:43,Thursday,3,21,15,20,ok
2026-09-17T18:31:03Z,2026-09-17 21:31:03,Thursday,3,21,31,16,ok
2026-09-17T18:45:44Z,2026-09-17 21:45:44,Thursday,3,21,45,7,ok
2026-09-17T19:01:16Z,2026-09-17 22:01:16,Thursday,3,22,1,,http_error:URLError
2026-09-17T19:15:44Z,2026-09-17 22:15:44,Thursday,3,22,15,0,ok
2026-09-17T19:18:51Z,2026-09-17 22:18:51,Thursday,3,22,18,0,ok
2026-09-17T19:31:03Z,2026-09-17 22:31:03,Thursday,3,22,31,0,ok
2026-09-17T19:45:44Z,2026-09-17 22:45:44,Thursday,3,22,45,0,ok
2026-09-17T20:01:12Z,2026-09-17 23:01:12,Thursday,3,23,1,0,ok
2026-09-17T20:15:41Z,2026-09-17 23:15:41,Thursday,3,23,15,0,ok
2026-09-17T20:30:58Z,2026-09-17 23:30:58,Thursday,3,23,30,0,ok
2026-09-17T20:45:40Z,2026-09-17 23:45:40,Thursday,3,23,45,0,ok
2026-09-17T21:01:15Z,2026-09-18 00:01:15,Friday,4,0,1,0,ok
2026-09-17T21:15:42Z,2026-09-18 00:15:42,Friday,4,0,15,0,ok
2026-09-17T21:31:03Z,2026-09-18 00:31:03,Friday,4,0,31,0,ok
2026-09-17T21:45:40Z,2026-09-18 00:45:40,Friday,4,0,45,0,ok
2026-09-17T22:01:15Z,2026-09-18 01:01:15,Friday,4,1,1,0,ok
2026-09-17T22:15:40Z,2026-09-18 01:15:40,Friday,4,1,15,0,ok
2026-09-17T22:23:28Z,2026-09-18 01:23:28,Friday,4,1,23,0,ok
2026-09-17T22:30:59Z,2026-09-18 01:30:59,Friday,4,1,30,0,ok
2026-09-17T22:45:40Z,2026-09-18 01:45:40,Friday,4,1,45,0,ok
2026-09-17T23:01:13Z,2026-09-18 02:01:13,Friday,4,2,1,0,ok
2026-09-17T23:15:42Z,2026-09-18 02:15:42,Friday,4,2,15,0,ok
2026-09-17T23:30:58Z,2026-09-18 02:30:58,Friday,4,2,30,0,ok
2026-09-17T23:45:41Z,2026-09-18 02:45:41,Friday,4,2,45,0,ok
2026-09-18T00:01:18Z,2026-09-18 03:01:18,Friday,4,3,1,0,ok
2026-09-18T00:15:40Z,2026-09-18 03:15:40,Friday,4,3,15,0,ok
2026-09-18T00:30:58Z,2026-09-18 03:30:58,Friday,4,3,30,0,ok
2026-09-18T00:43:01Z,2026-09-18 03:43:01,Friday,4,3,43,0,ok
2026-09-18T00:45:39Z,2026-09-18 03:45:39,Friday,4,3,45,0,ok
2026-09-18T01:01:11Z,2026-09-18 04:01:11,Friday,4,4,1,0,ok
2026-09-18T01:15:43Z,2026-09-18 04:15:43,Friday,4,4,15,0,ok
2026-09-18T01:31:00Z,2026-09-18 04:31:00,Friday,4,4,31,0,ok
2026-09-18T01:45:40Z,2026-09-18 04:45:40,Friday,4,4,45,0,ok
2026-09-18T02:01:14Z,2026-09-18 05:01:14,Friday,4,5,1,0,ok
2026-09-18T02:15:42Z,2026-09-18 05:15:42,Friday,4,5,15,0,ok
2026-09-18T02:30:59Z,2026-09-18 05:30:59,Friday,4,5,30,0,ok
2026-09-18T02:45:40Z,2026-09-18 05:45:40,Friday,4,5,45,0,ok
2026-09-18T03:01:14Z,2026-09-18 06:01:14,Friday,4,6,1,3,ok
2026-09-18T03:15:41Z,2026-09-18 06:15:41,Friday,4,6,15,9,ok
2026-09-18T03:30:58Z,2026-09-18 06:30:58,Friday,4,6,30,11,ok
2026-09-18T03:45:42Z,2026-09-18 06:45:42,Friday,4,6,45,13,ok
2026-09-18T04:01:47Z,2026-09-18 07:01:47,Friday,4,7,1,13,ok
2026-09-18T04:15:40Z,2026-09-18 07:15:40,Friday,4,7,15,14,ok
2026-09-18T04:31:05Z,2026-09-18 07:31:05,Friday,4,7,31,13,ok
2026-09-18T04:45:39Z,2026-09-18 07:45:39,Friday,4,7,45,14,ok
2026-09-18T05:01:13Z,2026-09-18 08:01:13,Friday,4,8,1,14,ok
2026-09-18T05:15:49Z,2026-09-18 08:15:49,Friday,4,8,15,16,ok
2026-09-18T05:16:12Z,2026-09-18 08:16:12,Friday,4,8,16,16,ok
2026-09-18T05:30:59Z,2026-09-18 08:30:59,Friday,4,8,30,14,ok
2026-09-18T05:45:42Z,2026-09-18 08:45:42,Friday,4,8,45,13,ok
2026-09-18T06:01:17Z,2026-09-18 09:01:17,Friday,4,9,1,15,ok
2026-09-18T06:15:44Z,2026-09-18 09:15:44,Friday,4,9,15,14,ok
2026-09-18T06:31:05Z,2026-09-18 09:31:05,Friday,4,9,31,13,ok
2026-09-18T06:45:43Z,2026-09-18 09:45:43,Friday,4,9,45,15,ok
2026-09-18T07:01:14Z,2026-09-18 10:01:14,Friday,4,10,1,13,ok
2026-09-18T07:15:53Z,2026-09-18 10:15:53,Friday,4,10,15,13,ok
2026-09-18T07:31:10Z,2026-09-18 10:31:10,Friday,4,10,31,14,ok
2026-09-18T07:45:43Z,2026-09-18 10:45:43,Friday,4,10,45,14,ok
2026-09-18T08:01:17Z,2026-09-18 11:01:17,Friday,4,11,1,13,ok
2026-09-18T08:15:42Z,2026-09-18 11:15:42,Friday,4,11,15,14,ok
2026-09-18T08:31:08Z,2026-09-18 11:31:08,Friday,4,11,31,14,ok
2026-09-18T08:45:42Z,2026-09-18 11:45:42,Friday,4,11,45,15,ok
2026-09-18T09:01:16Z,2026-09-18 12:01:16,Friday,4,12,1,17,ok
2026-09-18T09:15:45Z,2026-09-18 12:15:45,Friday,4,12,15,17,ok
2026-09-18T09:31:00Z,2026-09-18 12:31:00,Friday,4,12,31,16,ok
2026-09-18T09:45:43Z,2026-09-18 12:45:43,Friday,4,12,45,15,ok
2026-09-18T09:52:11Z,2026-09-18 12:52:11,Friday,4,12,52,15,ok
2026-09-18T10:01:16Z,2026-09-18 13:01:16,Friday,4,13,1,14,ok
2026-09-18T10:15:41Z,2026-09-18 13:15:41,Friday,4,13,15,14,ok
2026-09-18T10:31:02Z,2026-09-18 13:31:02,Friday,4,13,31,14,ok
2026-09-18T10:45:44Z,2026-09-18 13:45:44,Friday,4,13,45,14,ok
2026-09-18T11:01:13Z,2026-09-18 14:01:13,Friday,4,14,1,13,ok
2026-09-18T11:15:45Z,2026-09-18 14:15:45,Friday,4,14,15,14,ok
2026-09-18T11:31:02Z,2026-09-18 14:31:02,Friday,4,14,31,21,ok
2026-09-18T11:45:43Z,2026-09-18 14:45:43,Friday,4,14,45,22,ok
2026-09-18T12:01:15Z,2026-09-18 15:01:15,Friday,4,15,1,30,ok
2026-09-18T12:15:43Z,2026-09-18 15:15:43,Friday,4,15,15,34,ok
2026-09-18T12:31:04Z,2026-09-18 15:31:04,Friday,4,15,31,35,ok
2026-09-18T12:45:45Z,2026-09-18 15:45:45,Friday,4,15,45,37,ok
2026-09-18T13:01:17Z,2026-09-18 16:01:17,Friday,4,16,1,44,ok
2026-09-18T13:15:43Z,2026-09-18 16:15:43,Friday,4,16,15,44,ok
2026-09-18T13:31:01Z,2026-09-18 16:31:01,Friday,4,16,31,39,ok
2026-09-18T13:45:43Z,2026-09-18 16:45:43,Friday,4,16,45,44,ok
2026-09-18T14:06:16Z,2026-09-18 17:06:16,Friday,4,17,6,43,ok
2026-09-18T14:15:41Z,2026-09-18 17:15:41,Friday,4,17,15,43,ok
2026-09-18T14:18:48Z,2026-09-18 17:18:48,Friday,4,17,18,43,ok
2026-09-18T14:30:59Z,2026-09-18 17:30:59,Friday,4,17,30,45,ok
2026-09-18T14:45:43Z,2026-09-18 17:45:43,Friday,4,17,45,48,ok
2026-09-18T15:01:15Z,2026-09-18 18:01:15,Friday,4,18,1,48,ok
2026-09-18T15:15:44Z,2026-09-18 18:15:44,Friday,4,18,15,42,ok
2026-09-18T15:31:07Z,2026-09-18 18:31:07,Friday,4,18,31,50,ok
2026-09-18T15:45:43Z,2026-09-18 18:45:43,Friday,4,18,45,45,ok
2026-09-18T16:01:14Z,2026-09-18 19:01:14,Friday,4,19,1,45,ok
2026-09-18T16:15:41Z,2026-09-18 19:15:41,Friday,4,19,15,45,ok
2026-09-18T16:31:05Z,2026-09-18 19:31:05,Friday,4,19,31,45,ok
2026-09-18T16:45:43Z,2026-09-18 19:45:43,Friday,4,19,45,40,ok
2026-09-18T17:01:14Z,2026-09-18 20:01:14,Friday,4,20,1,40,ok
2026-09-18T17:15:42Z,2026-09-18 20:15:42,Friday,4,20,15,36,ok
2026-09-18T17:31:08Z,2026-09-18 20:31:08,Friday,4,20,31,30,ok
2026-09-18T17:45:45Z,2026-09-18 20:45:45,Friday,4,20,45,24,ok
2026-09-18T17:49:12Z,2026-09-18 20:49:12,Friday,4,20,49,24,ok
2026-09-18T18:01:16Z,2026-09-18 21:01:16,Friday,4,21,1,21,ok
2026-09-18T18:15:43Z,2026-09-18 21:15:43,Friday,4,21,15,18,ok
2026-09-18T18:30:59Z,2026-09-18 21:30:59,Friday,4,21,30,11,ok
2026-09-18T18:45:41Z,2026-09-18 21:45:41,Friday,4,21,45,6,ok
2026-09-18T19:01:13Z,2026-09-18 22:01:13,Friday,4,22,1,0,ok
2026-09-18T19:15:43Z,2026-09-18 22:15:43,Friday,4,22,15,0,ok
2026-09-18T19:31:00Z,2026-09-18 22:31:00,Friday,4,22,31,0,ok
2026-09-18T19:45:53Z,2026-09-18 22:45:53,Friday,4,22,45,0,ok
2026-09-18T20:01:20Z,2026-09-18 23:01:20,Friday,4,23,1,0,ok
2026-09-18T20:15:41Z,2026-09-18 23:15:41,Friday,4,23,15,0,ok
2026-09-18T20:30:59Z,2026-09-18 23:30:59,Friday,4,23,30,,http_error:URLError
2026-09-18T20:45:33Z,2026-09-18 23:45:33,Friday,4,23,45,0,ok
2026-09-18T21:01:14Z,2026-09-19 00:01:14,Saturday,5,0,1,0,ok
2026-09-18T21:15:46Z,2026-09-19 00:15:46,Saturday,5,0,15,0,ok
2026-09-18T21:30:59Z,2026-09-19 00:30:59,Saturday,5,0,30,0,ok
2026-09-18T21:45:46Z,2026-09-19 00:45:46,Saturday,5,0,45,0,ok
2026-09-18T22:01:19Z,2026-09-19 01:01:19,Saturday,5,1,1,0,ok
2026-09-18T22:15:43Z,2026-09-19 01:15:43,Saturday,5,1,15,0,ok
2026-09-18T22:31:02Z,2026-09-19 01:31:02,Saturday,5,1,31,,http_error:URLError
2026-09-18T22:45:40Z,2026-09-19 01:45:40,Saturday,5,1,45,0,ok
2026-09-18T22:51:12Z,2026-09-19 01:51:12,Saturday,5,1,51,0,ok
2026-09-18T23:01:13Z,2026-09-19 02:01:13,Saturday,5,2,1,0,ok
2026-09-18T23:15:45Z,2026-09-19 02:15:45,Saturday,5,2,15,0,ok
2026-09-18T23:31:01Z,2026-09-19 02:31:01,Saturday,5,2,31,0,ok
2026-09-18T23:45:39Z,2026-09-19 02:45:39,Saturday,5,2,45,0,ok
2026-09-19T00:01:18Z,2026-09-19 03:01:18,Saturday,5,3,1,0,ok
2026-09-19T00:15:40Z,2026-09-19 03:15:40,Saturday,5,3,15,0,ok
2026-09-19T00:31:01Z,2026-09-19 03:31:01,Saturday,5,3,31,0,ok
2026-09-19T00:45:41Z,2026-09-19 03:45:41,Saturday,5,3,45,0,ok
2026-09-19T01:01:16Z,2026-09-19 04:01:16,Saturday,5,4,1,0,ok
2026-09-19T01:05:01Z,2026-09-19 04:05:01,Saturday,5,4,5,0,ok
2026-09-19T01:15:41Z,2026-09-19 04:15:41,Saturday,5,4,15,0,ok
2026-09-19T01:30:59Z,2026-09-19 04:30:59,Saturday,5,4,30,0,ok
2026-09-19T01:45:40Z,2026-09-19 04:45:40,Saturday,5,4,45,0,ok
2026-09-19T02:01:13Z,2026-09-19 05:01:13,Saturday,5,5,1,0,ok
2026-09-19T02:15:41Z,2026-09-19 05:15:41,Saturday,5,5,15,0,ok
2026-09-19T02:30:58Z,2026-09-19 05:30:58,Saturday,5,5,30,0,ok
2026-09-19T02:45:41Z,2026-09-19 05:45:41,Saturday,5,5,45,0,ok
2026-09-19T03:01:11Z,2026-09-19 06:01:11,Saturday,5,6,1,0,ok
2026-09-19T03:15:39Z,2026-09-19 06:15:39,Saturday,5,6,15,0,ok
2026-09-19T03:30:56Z,2026-09-19 06:30:56,Saturday,5,6,30,0,ok
2026-09-19T03:45:39Z,2026-09-19 06:45:39,Saturday,5,6,45,0,ok
2026-09-19T04:01:10Z,2026-09-19 07:01:10,Saturday,5,7,1,0,ok
2026-09-19T04:15:41Z,2026-09-19 07:15:41,Saturday,5,7,15,0,ok
2026-09-19T04:31:01Z,2026-09-19 07:31:01,Saturday,5,7,31,,http_error:URLError
2026-09-19T04:45:39Z,2026-09-19 07:45:39,Saturday,5,7,45,0,ok
2026-09-19T05:01:13Z,2026-09-19 08:01:13,Saturday,5,8,1,3,ok
2026-09-19T05:15:47Z,2026-09-19 08:15:47,Saturday,5,8,15,14,ok
2026-09-19T05:31:01Z,2026-09-19 08:31:01,Saturday,5,8,31,18,ok
2026-09-19T05:45:41Z,2026-09-19 08:45:41,Saturday,5,8,45,22,ok
2026-09-19T05:57:00Z,2026-09-19 08:57:00,Saturday,5,8,57,23,ok
2026-09-19T06:01:17Z,2026-09-19 09:01:17,Saturday,5,9,1,23,ok
2026-09-19T06:15:45Z,2026-09-19 09:15:45,Saturday,5,9,15,31,ok
2026-09-19T06:31:02Z,2026-09-19 09:31:02,Saturday,5,9,31,34,ok
2026-09-19T06:45:45Z,2026-09-19 09:45:45,Saturday,5,9,45,36,ok
2026-09-19T07:01:12Z,2026-09-19 10:01:12,Saturday,5,10,1,39,ok
2026-09-19T07:15:45Z,2026-09-19 10:15:45,Saturday,5,10,15,38,ok
2026-09-19T07:31:02Z,2026-09-19 10:31:02,Saturday,5,10,31,38,ok
2026-09-19T07:45:41Z,2026-09-19 10:45:41,Saturday,5,10,45,39,ok
2026-09-19T08:01:14Z,2026-09-19 11:01:14,Saturday,5,11,1,39,ok
2026-09-19T08:15:46Z,2026-09-19 11:15:46,Saturday,5,11,15,40,ok
2026-09-19T08:31:02Z,2026-09-19 11:31:02,Saturday,5,11,31,35,ok
2026-09-19T08:45:44Z,2026-09-19 11:45:44,Saturday,5,11,45,36,ok
2026-09-19T09:01:11Z,2026-09-19 12:01:11,Saturday,5,12,1,38,ok
2026-09-19T09:15:42Z,2026-09-19 12:15:42,Saturday,5,12,15,33,ok
2026-09-19T09:30:58Z,2026-09-19 12:30:58,Saturday,5,12,30,39,ok
2026-09-19T09:45:38Z,2026-09-19 12:45:38,Saturday,5,12,45,37,ok
2026-09-19T10:01:10Z,2026-09-19 13:01:10,Saturday,5,13,1,32,ok
2026-09-19T10:15:39Z,2026-09-19 13:15:39,Saturday,5,13,15,29,ok
2026-09-19T10:30:59Z,2026-09-19 13:30:59,Saturday,5,13,30,26,ok
2026-09-19T10:43:29Z,2026-09-19 13:43:29,Saturday,5,13,43,23,ok
2026-09-19T10:45:39Z,2026-09-19 13:45:39,Saturday,5,13,45,22,ok
2026-09-19T11:01:13Z,2026-09-19 14:01:13,Saturday,5,14,1,21,ok
2026-09-19T11:15:42Z,2026-09-19 14:15:42,Saturday,5,14,15,19,ok
2026-09-19T11:31:02Z,2026-09-19 14:31:02,Saturday,5,14,31,20,ok
2026-09-19T11:45:40Z,2026-09-19 14:45:40,Saturday,5,14,45,20,ok
2026-09-19T12:01:11Z,2026-09-19 15:01:11,Saturday,5,15,1,,http_error:URLError
2026-09-19T12:15:43Z,2026-09-19 15:15:43,Saturday,5,15,15,18,ok
2026-09-19T12:30:57Z,2026-09-19 15:30:57,Saturday,5,15,30,17,ok
2026-09-19T12:46:00Z,2026-09-19 15:46:00,Saturday,5,15,46,15,ok
2026-09-19T13:01:10Z,2026-09-19 16:01:10,Saturday,5,16,1,16,ok
2026-09-19T13:15:40Z,2026-09-19 16:15:40,Saturday,5,16,15,16,ok
2026-09-19T13:30:56Z,2026-09-19 16:30:56,Saturday,5,16,30,17,ok
2026-09-19T13:45:40Z,2026-09-19 16:45:40,Saturday,5,16,45,15,ok
2026-09-19T13:59:46Z,2026-09-19 16:59:46,Saturday,5,16,59,15,ok
2026-09-19T14:01:11Z,2026-09-19 17:01:11,Saturday,5,17,1,15,ok
2026-09-19T14:15:43Z,2026-09-19 17:15:43,Saturday,5,17,15,17,ok
2026-09-19T14:30:58Z,2026-09-19 17:30:58,Saturday,5,17,30,17,ok
2026-09-19T14:45:40Z,2026-09-19 17:45:40,Saturday,5,17,45,,http_error:URLError
2026-09-19T15:01:11Z,2026-09-19 18:01:11,Saturday,5,18,1,17,ok
2026-09-19T15:15:47Z,2026-09-19 18:15:47,Saturday,5,18,15,18,ok
2026-09-19T15:31:06Z,2026-09-19 18:31:06,Saturday,5,18,31,18,ok
2026-09-19T15:45:41Z,2026-09-19 18:45:41,Saturday,5,18,45,19,ok
2026-09-19T16:01:11Z,2026-09-19 19:01:11,Saturday,5,19,1,20,ok
2026-09-19T16:15:41Z,2026-09-19 19:15:41,Saturday,5,19,15,20,ok
2026-09-19T16:31:00Z,2026-09-19 19:31:00,Saturday,5,19,31,20,ok
2026-09-19T16:45:41Z,2026-09-19 19:45:41,Saturday,5,19,45,19,ok
2026-09-19T17:01:10Z,2026-09-19 20:01:10,Saturday,5,20,1,16,ok
2026-09-19T17:10:57Z,2026-09-19 20:10:57,Saturday,5,20,10,16,ok
2026-09-19T17:15:41Z,2026-09-19 20:15:41,Saturday,5,20,15,12,ok
2026-09-19T17:31:07Z,2026-09-19 20:31:07,Saturday,5,20,31,10,ok
2026-09-19T17:45:40Z,2026-09-19 20:45:40,Saturday,5,20,45,7,ok
2026-09-19T18:01:11Z,2026-09-19 21:01:11,Saturday,5,21,1,0,ok
2026-09-19T18:15:40Z,2026-09-19 21:15:40,Saturday,5,21,15,0,ok
2026-09-19T18:31:01Z,2026-09-19 21:31:01,Saturday,5,21,31,0,ok
2026-09-19T18:45:40Z,2026-09-19 21:45:40,Saturday,5,21,45,0,ok
2026-09-19T19:01:13Z,2026-09-19 22:01:13,Saturday,5,22,1,0,ok
2026-09-19T19:15:40Z,2026-09-19 22:15:40,Saturday,5,22,15,0,ok
2026-09-19T19:20:07Z,2026-09-19 22:20:07,Saturday,5,22,20,0,ok
2026-09-19T19:30:59Z,2026-09-19 22:30:59,Saturday,5,22,30,0,ok
2026-09-19T19:45:39Z,2026-09-19 22:45:39,Saturday,5,22,45,0,ok
2026-09-19T20:01:12Z,2026-09-19 23:01:12,Saturday,5,23,1,0,ok
2026-09-19T20:15:39Z,2026-09-19 23:15:39,Saturday,5,23,15,0,ok
2026-09-19T20:30:57Z,2026-09-19 23:30:57,Saturday,5,23,30,0,ok
2026-09-19T20:45:41Z,2026-09-19 23:45:41,Saturday,5,23,45,0,ok
2026-09-19T21:01:09Z,2026-09-20 00:01:09,Sunday,6,0,1,0,ok
2026-09-19T21:15:39Z,2026-09-20 00:15:39,Sunday,6,0,15,0,ok
2026-09-19T21:30:57Z,2026-09-20 00:30:57,Sunday,6,0,30,0,ok
2026-09-19T21:39:43Z,2026-09-20 00:39:43,Sunday,6,0,39,0,ok
2026-09-19T21:45:42Z,2026-09-20 00:45:42,Sunday,6,0,45,0,ok
2026-09-19T22:01:23Z,2026-09-20 01:01:23,Sunday,6,1,1,0,ok
2026-09-19T22:15:41Z,2026-09-20 01:15:41,Sunday,6,1,15,0,ok
2026-09-19T22:31:19Z,2026-09-20 01:31:19,Sunday,6,1,31,0,ok
2026-09-19T22:45:43Z,2026-09-20 01:45:43,Sunday,6,1,45,0,ok
2026-09-19T23:01:12Z,2026-09-20 02:01:12,Sunday,6,2,1,0,ok
2026-09-19T23:15:43Z,2026-09-20 02:15:43,Sunday,6,2,15,0,ok
2026-09-19T23:30:57Z,2026-09-20 02:30:57,Sunday,6,2,30,0,ok
2026-09-19T23:36:31Z,2026-09-20 02:36:31,Sunday,6,2,36,0,ok
2026-09-19T23:45:40Z,2026-09-20 02:45:40,Sunday,6,2,45,0,ok
2026-09-20T00:01:21Z,2026-09-20 03:01:21,Sunday,6,3,1,0,ok
2026-09-20T00:15:40Z,2026-09-20 03:15:40,Sunday,6,3,15,0,ok
2026-09-20T00:30:56Z,2026-09-20 03:30:56,Sunday,6,3,30,0,ok
2026-09-20T00:45:39Z,2026-09-20 03:45:39,Sunday,6,3,45,0,ok
2026-09-20T01:01:13Z,2026-09-20 04:01:13,Sunday,6,4,1,0,ok
2026-09-20T01:15:43Z,2026-09-20 04:15:43,Sunday,6,4,15,0,ok
2026-09-20T01:31:00Z,2026-09-20 04:31:00,Sunday,6,4,31,0,ok
2026-09-20T01:42:29Z,2026-09-20 04:42:29,Sunday,6,4,42,0,ok
2026-09-20T01:45:38Z,2026-09-20 04:45:38,Sunday,6,4,45,0,ok
2026-09-20T02:01:11Z,2026-09-20 05:01:11,Sunday,6,5,1,0,ok
2026-09-20T02:15:42Z,2026-09-20 05:15:42,Sunday,6,5,15,0,ok
2026-09-20T02:31:00Z,2026-09-20 05:31:00,Sunday,6,5,31,0,ok
2026-09-20T02:45:41Z,2026-09-20 05:45:41,Sunday,6,5,45,,http_error:URLError
2026-09-20T03:01:46Z,2026-09-20 06:01:46,Sunday,6,6,1,0,ok
2026-09-20T03:15:41Z,2026-09-20 06:15:41,Sunday,6,6,15,0,ok
2026-09-20T03:30:59Z,2026-09-20 06:30:59,Sunday,6,6,30,0,ok
2026-09-20T03:45:39Z,2026-09-20 06:45:39,Sunday,6,6,45,0,ok
2026-09-20T04:01:11Z,2026-09-20 07:01:11,Sunday,6,7,1,0,ok
2026-09-20T04:15:41Z,2026-09-20 07:15:41,Sunday,6,7,15,0,ok
2026-09-20T04:31:04Z,2026-09-20 07:31:04,Sunday,6,7,31,0,ok
2026-09-20T04:45:41Z,2026-09-20 07:45:41,Sunday,6,7,45,0,ok
2026-09-20T05:01:12Z,2026-09-20 08:01:12,Sunday,6,8,1,2,ok
2026-09-20T05:15:46Z,2026-09-20 08:15:46,Sunday,6,8,15,4,ok
2026-09-20T05:31:00Z,2026-09-20 08:31:00,Sunday,6,8,31,6,ok
2026-09-20T05:45:46Z,2026-09-20 08:45:46,Sunday,6,8,45,9,ok
2026-09-20T06:01:18Z,2026-09-20 09:01:18,Sunday,6,9,1,13,ok
2026-09-20T06:15:49Z,2026-09-20 09:15:49,Sunday,6,9,15,13,ok
2026-09-20T06:31:09Z,2026-09-20 09:31:09,Sunday,6,9,31,12,ok
2026-09-20T06:45:43Z,2026-09-20 09:45:43,Sunday,6,9,45,13,ok
2026-09-20T07:01:34Z,2026-09-20 10:01:34,Sunday,6,10,1,14,ok
2026-09-20T07:04:15Z,2026-09-20 10:04:15,Sunday,6,10,4,14,ok
2026-09-20T07:15:51Z,2026-09-20 10:15:51,Sunday,6,10,15,14,ok
2026-09-20T07:31:05Z,2026-09-20 10:31:05,Sunday,6,10,31,16,ok
2026-09-20T07:45:45Z,2026-09-20 10:45:45,Sunday,6,10,45,16,ok
2026-09-20T08:01:16Z,2026-09-20 11:01:16,Sunday,6,11,1,15,ok
2026-09-20T08:15:45Z,2026-09-20 11:15:45,Sunday,6,11,15,16,ok
2026-09-20T08:31:02Z,2026-09-20 11:31:02,Sunday,6,11,31,16,ok
2026-09-20T08:45:43Z,2026-09-20 11:45:43,Sunday,6,11,45,16,ok
2026-09-20T09:01:15Z,2026-09-20 12:01:15,Sunday,6,12,1,17,ok
2026-09-20T09:15:45Z,2026-09-20 12:15:45,Sunday,6,12,15,16,ok
2026-09-20T09:30:59Z,2026-09-20 12:30:59,Sunday,6,12,30,17,ok
2026-09-20T09:45:43Z,2026-09-20 12:45:43,Sunday,6,12,45,18,ok
2026-09-20T10:01:11Z,2026-09-20 13:01:11,Sunday,6,13,1,18,ok
2026-09-20T10:15:42Z,2026-09-20 13:15:42,Sunday,6,13,15,17,ok
2026-09-20T10:31:02Z,2026-09-20 13:31:02,Sunday,6,13,31,18,ok
2026-09-20T10:45:41Z,2026-09-20 13:45:41,Sunday,6,13,45,20,ok
2026-09-20T11:01:10Z,2026-09-20 14:01:10,Sunday,6,14,1,21,ok
2026-09-20T11:15:43Z,2026-09-20 14:15:43,Sunday,6,14,15,21,ok
2026-09-20T11:31:00Z,2026-09-20 14:31:00,Sunday,6,14,31,21,ok
2026-09-20T11:45:43Z,2026-09-20 14:45:43,Sunday,6,14,45,29,ok
2026-09-20T12:01:12Z,2026-09-20 15:01:12,Sunday,6,15,1,31,ok
2026-09-20T12:15:44Z,2026-09-20 15:15:44,Sunday,6,15,15,29,ok
2026-09-20T12:25:25Z,2026-09-20 15:25:25,Sunday,6,15,25,26,ok
2026-09-20T12:31:00Z,2026-09-20 15:31:00,Sunday,6,15,31,29,ok
2026-09-20T12:45:41Z,2026-09-20 15:45:41,Sunday,6,15,45,34,ok
2026-09-20T13:01:12Z,2026-09-20 16:01:12,Sunday,6,16,1,33,ok
2026-09-20T13:15:50Z,2026-09-20 16:15:50,Sunday,6,16,15,39,ok
2026-09-20T13:31:03Z,2026-09-20 16:31:03,Sunday,6,16,31,40,ok
2026-09-20T13:45:42Z,2026-09-20 16:45:42,Sunday,6,16,45,35,ok
2026-09-20T14:01:18Z,2026-09-20 17:01:18,Sunday,6,17,1,31,ok
2026-09-20T14:15:42Z,2026-09-20 17:15:42,Sunday,6,17,15,37,ok
2026-09-20T14:30:59Z,2026-09-20 17:30:59,Sunday,6,17,30,39,ok
2026-09-20T14:45:45Z,2026-09-20 17:45:45,Sunday,6,17,45,,http_error:URLError
2026-09-20T15:01:14Z,2026-09-20 18:01:14,Sunday,6,18,1,41,ok
2026-09-20T15:15:43Z,2026-09-20 18:15:43,Sunday,6,18,15,41,ok
2026-09-20T15:31:08Z,2026-09-20 18:31:08,Sunday,6,18,31,37,ok
2026-09-20T15:45:42Z,2026-09-20 18:45:42,Sunday,6,18,45,34,ok
2026-09-20T16:01:13Z,2026-09-20 19:01:13,Sunday,6,19,1,30,ok
2026-09-20T16:15:43Z,2026-09-20 19:15:43,Sunday,6,19,15,27,ok
2026-09-20T16:25:23Z,2026-09-20 19:25:23,Sunday,6,19,25,25,ok
2026-09-20T16:30:58Z,2026-09-20 19:30:58,Sunday,6,19,30,24,ok
2026-09-20T16:45:42Z,2026-09-20 19:45:42,Sunday,6,19,45,21,ok
2026-09-20T17:01:14Z,2026-09-20 20:01:14,Sunday,6,20,1,19,ok
2026-09-20T17:15:44Z,2026-09-20 20:15:44,Sunday,6,20,15,17,ok
2026-09-20T17:31:03Z,2026-09-20 20:31:03,Sunday,6,20,31,13,ok
2026-09-20T17:45:42Z,2026-09-20 20:45:42,Sunday,6,20,45,8,ok
2026-09-20T18:01:14Z,2026-09-20 21:01:14,Sunday,6,21,1,0,ok
2026-09-20T18:15:46Z,2026-09-20 21:15:46,Sunday,6,21,15,0,ok
2026-09-20T18:31:03Z,2026-09-20 21:31:03,Sunday,6,21,31,0,ok
2026-09-20T18:45:46Z,2026-09-20 21:45:46,Sunday,6,21,45,0,ok
2026-09-20T18:59:26Z,2026-09-20 21:59:26,Sunday,6,21,59,0,ok
2026-09-20T19:01:14Z,2026-09-20 22:01:14,Sunday,6,22,1,0,ok
2026-09-20T19:15:42Z,2026-09-20 22:15:42,Sunday,6,22,15,0,ok
2026-09-20T19:31:11Z,2026-09-20 22:31:11,Sunday,6,22,31,0,ok
2026-09-20T19:45:39Z,2026-09-20 22:45:39,Sunday,6,22,45,0,ok
2026-09-20T20:01:11Z,2026-09-20 23:01:11,Sunday,6,23,1,0,ok
2026-09-20T20:15:42Z,2026-09-20 23:15:42,Sunday,6,23,15,0,ok
2026-09-20T20:30:58Z,2026-09-20 23:30:58,Sunday,6,23,30,0,ok
2026-09-20T20:45:42Z,2026-09-20 23:45:42,Sunday,6,23,45,0,ok
2026-09-20T21:01:12Z,2026-09-21 00:01:12,Monday,0,0,1,0,ok
2026-09-20T21:15:41Z,2026-09-21 00:15:41,Monday,0,0,15,0,ok
2026-09-20T21:25:32Z,2026-09-21 00:25:32,Monday,0,0,25,0,ok
2026-09-20T21:30:56Z,2026-09-21 00:30:56,Monday,0,0,30,0,ok
2026-09-20T21:45:43Z,2026-09-21 00:45:43,Monday,0,0,45,0,ok
2026-09-20T22:01:15Z,2026-09-21 01:01:15,Monday,0,1,1,0,ok
2026-09-20T22:15:40Z,2026-09-21 01:15:40,Monday,0,1,15,0,ok
2026-09-20T22:31:00Z,2026-09-21 01:31:00,Monday,0,1,31,0,ok
2026-09-20T22:45:41Z,2026-09-21 01:45:41,Monday,0,1,45,0,ok
2026-09-20T23:01:13Z,2026-09-21 02:01:13,Monday,0,2,1,0,ok
2026-09-20T23:15:43Z,2026-09-21 02:15:43,Monday,0,2,15,0,ok
2026-09-20T23:24:55Z,2026-09-21 02:24:55,Monday,0,2,24,,http_error:URLError
2026-09-20T23:31:00Z,2026-09-21 02:31:00,Monday,0,2,31,0,ok
2026-09-20T23:45:42Z,2026-09-21 02:45:42,Monday,0,2,45,0,ok
2026-09-21T00:01:18Z,2026-09-21 03:01:18,Monday,0,3,1,0,ok
2026-09-21T00:15:41Z,2026-09-21 03:15:41,Monday,0,3,15,0,ok
2026-09-21T00:30:59Z,2026-09-21 03:30:59,Monday,0,3,30,0,ok
2026-09-21T00:45:41Z,2026-09-21 03:45:41,Monday,0,3,45,0,ok
2026-09-21T01:01:12Z,2026-09-21 04:01:12,Monday,0,4,1,0,ok
2026-09-21T01:15:43Z,2026-09-21 04:15:43,Monday,0,4,15,0,ok
2026-09-21T01:28:54Z,2026-09-21 04:28:54,Monday,0,4,28,0,ok
2026-09-21T01:31:03Z,2026-09-21 04:31:03,Monday,0,4,31,0,ok
2026-09-21T01:45:43Z,2026-09-21 04:45:43,Monday,0,4,45,0,ok
2026-09-21T02:01:14Z,2026-09-21 05:01:14,Monday,0,5,1,0,ok
2026-09-21T02:15:43Z,2026-09-21 05:15:43,Monday,0,5,15,0,ok
2026-09-21T02:31:09Z,2026-09-21 05:31:09,Monday,0,5,31,0,ok
2026-09-21T02:45:41Z,2026-09-21 05:45:41,Monday,0,5,45,0,ok
2026-09-21T03:01:18Z,2026-09-21 06:01:18,Monday,0,6,1,3,ok
2026-09-21T03:15:43Z,2026-09-21 06:15:43,Monday,0,6,15,9,ok
2026-09-21T03:30:58Z,2026-09-21 06:30:58,Monday,0,6,30,11,ok
2026-09-21T03:45:41Z,2026-09-21 06:45:41,Monday,0,6,45,14,ok
2026-09-21T04:01:10Z,2026-09-21 07:01:10,Monday,0,7,1,14,ok
2026-09-21T04:15:41Z,2026-09-21 07:15:41,Monday,0,7,15,13,ok
2026-09-21T04:31:00Z,2026-09-21 07:31:00,Monday,0,7,31,15,ok
2026-09-21T04:45:47Z,2026-09-21 07:45:47,Monday,0,7,45,,http_error:URLError
2026-09-21T05:01:15Z,2026-09-21 08:01:15,Monday,0,8,1,12,ok
2026-09-21T05:15:42Z,2026-09-21 08:15:42,Monday,0,8,15,15,ok
2026-09-21T05:31:04Z,2026-09-21 08:31:04,Monday,0,8,31,14,ok
2026-09-21T05:45:44Z,2026-09-21 08:45:44,Monday,0,8,45,13,ok
2026-09-21T06:01:17Z,2026-09-21 09:01:17,Monday,0,9,1,15,ok
2026-09-21T06:15:44Z,2026-09-21 09:15:44,Monday,0,9,15,15,ok
2026-09-21T06:31:06Z,2026-09-21 09:31:06,Monday,0,9,31,14,ok
2026-09-21T06:45:46Z,2026-09-21 09:45:46,Monday,0,9,45,14,ok
2026-09-21T06:58:50Z,2026-09-21 09:58:50,Monday,0,9,58,14,ok
2026-09-21T07:01:17Z,2026-09-21 10:01:17,Monday,0,10,1,13,ok
2026-09-21T07:15:45Z,2026-09-21 10:15:45,Monday,0,10,15,14,ok
2026-09-21T07:31:06Z,2026-09-21 10:31:06,Monday,0,10,31,13,ok
2026-09-21T07:45:42Z,2026-09-21 10:45:42,Monday,0,10,45,14,ok
2026-09-21T08:01:22Z,2026-09-21 11:01:22,Monday,0,11,1,15,ok
2026-09-21T08:16:18Z,2026-09-21 11:16:18,Monday,0,11,16,15,ok
2026-09-21T08:31:01Z,2026-09-21 11:31:01,Monday,0,11,31,15,ok
2026-09-21T08:45:42Z,2026-09-21 11:45:42,Monday,0,11,45,15,ok
2026-09-21T09:01:17Z,2026-09-21 12:01:17,Monday,0,12,1,15,ok
2026-09-21T09:15:47Z,2026-09-21 12:15:47,Monday,0,12,15,16,ok
2026-09-21T09:31:00Z,2026-09-21 12:31:00,Monday,0,12,31,16,ok
2026-09-21T09:45:41Z,2026-09-21 12:45:41,Monday,0,12,45,16,ok
2026-09-21T10:01:14Z,2026-09-21 13:01:14,Monday,0,13,1,15,ok
2026-09-21T10:15:44Z,2026-09-21 13:15:44,Monday,0,13,15,14,ok
2026-09-21T10:31:00Z,2026-09-21 13:31:00,Monday,0,13,31,15,ok
2026-09-21T10:45:43Z,2026-09-21 13:45:43,Monday,0,13,45,15,ok
2026-09-21T11:01:17Z,2026-09-21 14:01:17,Monday,0,14,1,15,ok
2026-09-21T11:15:45Z,2026-09-21 14:15:45,Monday,0,14,15,14,ok
2026-09-21T11:31:05Z,2026-09-21 14:31:05,Monday,0,14,31,14,ok
2026-09-21T11:45:44Z,2026-09-21 14:45:44,Monday,0,14,45,17,ok
2026-09-21T12:01:20Z,2026-09-21 15:01:20,Monday,0,15,1,26,ok
2026-09-21T12:15:46Z,2026-09-21 15:15:46,Monday,0,15,15,31,ok
2026-09-21T12:31:10Z,2026-09-21 15:31:10,Monday,0,15,31,34,ok
2026-09-21T12:45:50Z,2026-09-21 15:45:50,Monday,0,15,45,38,ok
2026-09-21T13:01:21Z,2026-09-21 16:01:21,Monday,0,16,1,44,ok
2026-09-21T13:15:47Z,2026-09-21 16:15:47,Monday,0,16,15,46,ok
2026-09-21T13:31:02Z,2026-09-21 16:31:02,Monday,0,16,31,45,ok
2026-09-21T13:45:47Z,2026-09-21 16:45:47,Monday,0,16,45,46,ok
2026-09-21T13:54:31Z,2026-09-21 16:54:31,Monday,0,16,54,50,ok
2026-09-21T14:01:18Z,2026-09-21 17:01:18,Monday,0,17,1,48,ok
2026-09-21T14:15:47Z,2026-09-21 17:15:47,Monday,0,17,15,47,ok
2026-09-21T14:31:08Z,2026-09-21 17:31:08,Monday,0,17,31,49,ok
2026-09-21T14:45:49Z,2026-09-21 17:45:49,Monday,0,17,45,54,ok
2026-09-21T15:01:18Z,2026-09-21 18:01:18,Monday,0,18,1,53,ok
2026-09-21T15:15:46Z,2026-09-21 18:15:46,Monday,0,18,15,52,ok
2026-09-21T15:31:02Z,2026-09-21 18:31:02,Monday,0,18,31,59,ok
2026-09-21T15:45:56Z,2026-09-21 18:45:56,Monday,0,18,45,59,ok
2026-09-21T16:01:17Z,2026-09-21 19:01:17,Monday,0,19,1,54,ok
2026-09-21T16:15:46Z,2026-09-21 19:15:46,Monday,0,19,15,55,ok
2026-09-21T16:31:02Z,2026-09-21 19:31:02,Monday,0,19,31,51,ok
2026-09-21T16:45:47Z,2026-09-21 19:45:47,Monday,0,19,45,47,ok
2026-09-21T17:01:14Z,2026-09-21 20:01:14,Monday,0,20,1,45,ok
2026-09-21T17:15:47Z,2026-09-21 20:15:47,Monday,0,20,15,38,ok
2026-09-21T17:31:06Z,2026-09-21 20:31:06,Monday,0,20,31,33,ok
2026-09-21T17:45:46Z,2026-09-21 20:45:46,Monday,0,20,45,29,ok
2026-09-21T18:01:15Z,2026-09-21 21:01:15,Monday,0,21,1,26,ok
2026-09-21T18:15:46Z,2026-09-21 21:15:46,Monday,0,21,15,24,ok
2026-09-21T18:31:03Z,2026-09-21 21:31:03,Monday,0,21,31,20,ok
2026-09-21T18:45:46Z,2026-09-21 21:45:46,Monday,0,21,45,16,ok
2026-09-21T19:01:21Z,2026-09-21 22:01:21,Monday,0,22,1,0,ok
2026-09-21T19:13:44Z,2026-09-21 22:13:44,Monday,0,22,13,0,ok
2026-09-21T19:15:42Z,2026-09-21 22:15:42,Monday,0,22,15,0,ok
2026-09-21T19:30:59Z,2026-09-21 22:30:59,Monday,0,22,30,0,ok
2026-09-21T19:45:45Z,2026-09-21 22:45:45,Monday,0,22,45,0,ok
2026-09-21T20:01:17Z,2026-09-21 23:01:17,Monday,0,23,1,0,ok
2026-09-21T20:15:43Z,2026-09-21 23:15:43,Monday,0,23,15,0,ok
2026-09-21T20:31:02Z,2026-09-21 23:31:02,Monday,0,23,31,0,ok
2026-09-21T20:45:43Z,2026-09-21 23:45:43,Monday,0,23,45,0,ok
2026-09-21T21:01:14Z,2026-09-22 00:01:14,Tuesday,1,0,1,0,ok
2026-09-21T21:15:47Z,2026-09-22 00:15:47,Tuesday,1,0,15,0,ok
2026-09-21T21:31:04Z,2026-09-22 00:31:04,Tuesday,1,0,31,0,ok
2026-09-21T21:45:44Z,2026-09-22 00:45:44,Tuesday,1,0,45,0,ok
2026-09-21T22:01:17Z,2026-09-22 01:01:17,Tuesday,1,1,1,0,ok
2026-09-21T22:15:48Z,2026-09-22 01:15:48,Tuesday,1,1,15,0,ok
2026-09-21T22:31:01Z,2026-09-22 01:31:01,Tuesday,1,1,31,0,ok
2026-09-21T22:36:35Z,2026-09-22 01:36:35,Tuesday,1,1,36,0,ok
2026-09-21T22:45:43Z,2026-09-22 01:45:43,Tuesday,1,1,45,0,ok
2026-09-21T23:01:23Z,2026-09-22 02:01:23,Tuesday,1,2,1,0,ok
2026-09-21T23:15:50Z,2026-09-22 02:15:50,Tuesday,1,2,15,0,ok
2026-09-21T23:30:59Z,2026-09-22 02:30:59,Tuesday,1,2,30,0,ok
2026-09-21T23:45:42Z,2026-09-22 02:45:42,Tuesday,1,2,45,0,ok
2026-09-22T00:01:17Z,2026-09-22 03:01:17,Tuesday,1,3,1,0,ok
2026-09-22T00:15:40Z,2026-09-22 03:15:40,Tuesday,1,3,15,0,ok
2026-09-22T00:31:00Z,2026-09-22 03:31:00,Tuesday,1,3,31,0,ok
2026-09-22T00:45:43Z,2026-09-22 03:45:43,Tuesday,1,3,45,0,ok
2026-09-22T01:01:14Z,2026-09-22 04:01:14,Tuesday,1,4,1,0,ok
2026-09-22T01:13:48Z,2026-09-22 04:13:48,Tuesday,1,4,13,0,ok
2026-09-22T01:15:42Z,2026-09-22 04:15:42,Tuesday,1,4,15,0,ok
2026-09-22T01:31:01Z,2026-09-22 04:31:01,Tuesday,1,4,31,0,ok
2026-09-22T01:45:42Z,2026-09-22 04:45:42,Tuesday,1,4,45,0,ok
2026-09-22T02:01:16Z,2026-09-22 05:01:16,Tuesday,1,5,1,0,ok
2026-09-22T02:15:43Z,2026-09-22 05:15:43,Tuesday,1,5,15,0,ok
2026-09-22T02:31:02Z,2026-09-22 05:31:02,Tuesday,1,5,31,0,ok
2026-09-22T02:45:41Z,2026-09-22 05:45:41,Tuesday,1,5,45,0,ok
2026-09-22T03:01:14Z,2026-09-22 06:01:14,Tuesday,1,6,1,3,ok
2026-09-22T03:15:44Z,2026-09-22 06:15:44,Tuesday,1,6,15,10,ok
2026-09-22T03:31:02Z,2026-09-22 06:31:02,Tuesday,1,6,31,12,ok
2026-09-22T03:45:41Z,2026-09-22 06:45:41,Tuesday,1,6,45,14,ok
2026-09-22T04:01:48Z,2026-09-22 07:01:48,Tuesday,1,7,1,13,ok
2026-09-22T04:15:45Z,2026-09-22 07:15:45,Tuesday,1,7,15,12,ok
2026-09-22T04:31:03Z,2026-09-22 07:31:03,Tuesday,1,7,31,14,ok
2026-09-22T04:45:41Z,2026-09-22 07:45:41,Tuesday,1,7,45,14,ok
2026-09-22T05:01:13Z,2026-09-22 08:01:13,Tuesday,1,8,1,12,ok
2026-09-22T05:15:43Z,2026-09-22 08:15:43,Tuesday,1,8,15,14,ok
2026-09-22T05:31:04Z,2026-09-22 08:31:04,Tuesday,1,8,31,15,ok
2026-09-22T05:45:44Z,2026-09-22 08:45:44,Tuesday,1,8,45,14,ok
2026-09-22T06:01:17Z,2026-09-22 09:01:17,Tuesday,1,9,1,18,ok
2026-09-22T06:15:47Z,2026-09-22 09:15:47,Tuesday,1,9,15,17,ok
2026-09-22T06:18:14Z,2026-09-22 09:18:14,Tuesday,1,9,18,17,ok
2026-09-22T06:31:02Z,2026-09-22 09:31:02,Tuesday,1,9,31,15,ok
2026-09-22T06:45:46Z,2026-09-22 09:45:46,Tuesday,1,9,45,15,ok
2026-09-22T07:01:15Z,2026-09-22 10:01:15,Tuesday,1,10,1,16,ok
2026-09-22T07:15:47Z,2026-09-22 10:15:47,Tuesday,1,10,15,12,ok
2026-09-22T07:31:06Z,2026-09-22 10:31:06,Tuesday,1,10,31,14,ok
2026-09-22T07:45:44Z,2026-09-22 10:45:44,Tuesday,1,10,45,15,ok
2026-09-22T08:01:15Z,2026-09-22 11:01:15,Tuesday,1,11,1,18,ok
2026-09-22T08:15:45Z,2026-09-22 11:15:45,Tuesday,1,11,15,,http_error:TimeoutError
2026-09-22T08:31:09Z,2026-09-22 11:31:09,Tuesday,1,11,31,18,ok
2026-09-22T08:45:45Z,2026-09-22 11:45:45,Tuesday,1,11,45,19,ok
2026-09-22T09:01:13Z,2026-09-22 12:01:13,Tuesday,1,12,1,21,ok
2026-09-22T09:15:48Z,2026-09-22 12:15:48,Tuesday,1,12,15,19,ok
2026-09-22T09:31:10Z,2026-09-22 12:31:10,Tuesday,1,12,31,17,ok
2026-09-22T09:45:45Z,2026-09-22 12:45:45,Tuesday,1,12,45,14,ok
2026-09-22T10:01:26Z,2026-09-22 13:01:26,Tuesday,1,13,1,12,ok
2026-09-22T10:15:45Z,2026-09-22 13:15:45,Tuesday,1,13,15,12,ok
2026-09-22T10:31:01Z,2026-09-22 13:31:01,Tuesday,1,13,31,13,ok
2026-09-22T10:45:42Z,2026-09-22 13:45:42,Tuesday,1,13,45,13,ok
2026-09-22T11:01:16Z,2026-09-22 14:01:16,Tuesday,1,14,1,13,ok
2026-09-22T11:15:44Z,2026-09-22 14:15:44,Tuesday,1,14,15,13,ok
2026-09-22T11:31:03Z,2026-09-22 14:31:03,Tuesday,1,14,31,15,ok
2026-09-22T11:45:45Z,2026-09-22 14:45:45,Tuesday,1,14,45,14,ok
2026-09-22T11:59:31Z,2026-09-22 14:59:31,Tuesday,1,14,59,20,ok
2026-09-22T12:01:13Z,2026-09-22 15:01:13,Tuesday,1,15,1,22,ok
2026-09-22T12:15:45Z,2026-09-22 15:15:45,Tuesday,1,15,15,27,ok
2026-09-22T12:31:03Z,2026-09-22 15:31:03,Tuesday,1,15,31,28,ok
2026-09-22T12:45:45Z,2026-09-22 15:45:45,Tuesday,1,15,45,31,ok
2026-09-22T13:01:16Z,2026-09-22 16:01:16,Tuesday,1,16,1,39,ok
2026-09-22T13:15:47Z,2026-09-22 16:15:47,Tuesday,1,16,15,39,ok
2026-09-22T13:31:10Z,2026-09-22 16:31:10,Tuesday,1,16,31,40,ok
2026-09-22T13:45:43Z,2026-09-22 16:45:43,Tuesday,1,16,45,44,ok
2026-09-22T14:01:16Z,2026-09-22 17:01:16,Tuesday,1,17,1,50,ok
2026-09-22T14:15:45Z,2026-09-22 17:15:45,Tuesday,1,17,15,51,ok
2026-09-22T14:31:00Z,2026-09-22 17:31:00,Tuesday,1,17,31,51,ok
2026-09-22T14:45:46Z,2026-09-22 17:45:46,Tuesday,1,17,45,54,ok
2026-09-22T15:01:17Z,2026-09-22 18:01:17,Tuesday,1,18,1,53,ok
2026-09-22T15:15:44Z,2026-09-22 18:15:44,Tuesday,1,18,15,51,ok
2026-09-22T15:31:07Z,2026-09-22 18:31:07,Tuesday,1,18,31,52,ok
2026-09-22T15:45:46Z,2026-09-22 18:45:46,Tuesday,1,18,45,49,ok
2026-09-22T16:01:26Z,2026-09-22 19:01:26,Tuesday,1,19,1,47,ok
2026-09-22T16:15:42Z,2026-09-22 19:15:42,Tuesday,1,19,15,41,ok
2026-09-22T16:31:01Z,2026-09-22 19:31:01,Tuesday,1,19,31,39,ok
2026-09-22T16:45:46Z,2026-09-22 19:45:46,Tuesday,1,19,45,37,ok
2026-09-22T16:47:48Z,2026-09-22 19:47:48,Tuesday,1,19,47,37,ok
2026-09-22T17:01:20Z,2026-09-22 20:01:20,Tuesday,1,20,1,35,ok
2026-09-22T17:15:42Z,2026-09-22 20:15:42,Tuesday,1,20,15,34,ok
2026-09-22T17:31:02Z,2026-09-22 20:31:02,Tuesday,1,20,31,31,ok
2026-09-22T17:45:43Z,2026-09-22 20:45:43,Tuesday,1,20,45,29,ok
2026-09-22T18:01:17Z,2026-09-22 21:01:17,Tuesday,1,21,1,27,ok
2026-09-22T18:15:44Z,2026-09-22 21:15:44,Tuesday,1,21,15,25,ok
2026-09-22T18:31:00Z,2026-09-22 21:31:00,Tuesday,1,21,31,20,ok
2026-09-22T18:45:44Z,2026-09-22 21:45:44,Tuesday,1,21,45,14,ok
2026-09-22T19:01:19Z,2026-09-22 22:01:19,Tuesday,1,22,1,0,ok
2026-09-22T19:15:43Z,2026-09-22 22:15:43,Tuesday,1,22,15,0,ok
2026-09-22T19:31:00Z,2026-09-22 22:31:00,Tuesday,1,22,31,0,ok
2026-09-22T19:45:44Z,2026-09-22 22:45:44,Tuesday,1,22,45,0,ok
2026-09-22T19:54:48Z,2026-09-22 22:54:48,Tuesday,1,22,54,0,ok
2026-09-22T20:01:20Z,2026-09-22 23:01:20,Tuesday,1,23,1,0,ok
2026-09-22T20:15:43Z,2026-09-22 23:15:43,Tuesday,1,23,15,0,ok
2026-09-22T20:31:00Z,2026-09-22 23:31:00,Tuesday,1,23,31,0,ok
2026-09-22T20:45:43Z,2026-09-22 23:45:43,Tuesday,1,23,45,0,ok
2026-09-22T21:01:12Z,2026-09-23 00:01:12,Wednesday,2,0,1,0,ok
2026-09-22T21:15:43Z,2026-09-23 00:15:43,Wednesday,2,0,15,0,ok
2026-09-22T21:30:58Z,2026-09-23 00:30:58,Wednesday,2,0,30,0,ok
2026-09-22T21:45:41Z,2026-09-23 00:45:41,Wednesday,2,0,45,0,ok
2026-09-22T22:01:20Z,2026-09-23 01:01:20,Wednesday,2,1,1,0,ok
2026-09-22T22:15:43Z,2026-09-23 01:15:43,Wednesday,2,1,15,0,ok
2026-09-22T22:31:01Z,2026-09-23 01:31:01,Wednesday,2,1,31,0,ok
2026-09-22T22:45:41Z,2026-09-23 01:45:41,Wednesday,2,1,45,0,ok
2026-09-22T22:51:08Z,2026-09-23 01:51:08,Wednesday,2,1,51,0,ok
2026-09-22T23:01:12Z,2026-09-23 02:01:12,Wednesday,2,2,1,0,ok
2026-09-22T23:15:42Z,2026-09-23 02:15:42,Wednesday,2,2,15,0,ok
2026-09-22T23:30:58Z,2026-09-23 02:30:58,Wednesday,2,2,30,0,ok
2026-09-22T23:45:40Z,2026-09-23 02:45:40,Wednesday,2,2,45,0,ok
2026-09-23T00:01:13Z,2026-09-23 03:01:13,Wednesday,2,3,1,0,ok
2026-09-23T00:15:41Z,2026-09-23 03:15:41,Wednesday,2,3,15,0,ok
2026-09-23T00:30:58Z,2026-09-23 03:30:58,Wednesday,2,3,30,0,ok
2026-09-23T00:45:40Z,2026-09-23 03:45:40,Wednesday,2,3,45,0,ok
2026-09-23T01:01:18Z,2026-09-23 04:01:18,Wednesday,2,4,1,0,ok
2026-09-23T01:15:42Z,2026-09-23 04:15:42,Wednesday,2,4,15,0,ok
2026-09-23T01:22:29Z,2026-09-23 04:22:29,Wednesday,2,4,22,0,ok
2026-09-23T01:30:58Z,2026-09-23 04:30:58,Wednesday,2,4,30,0,ok
2026-09-23T01:45:41Z,2026-09-23 04:45:41,Wednesday,2,4,45,0,ok
2026-09-23T02:01:14Z,2026-09-23 05:01:14,Wednesday,2,5,1,0,ok
2026-09-23T02:15:43Z,2026-09-23 05:15:43,Wednesday,2,5,15,0,ok
2026-09-23T02:31:02Z,2026-09-23 05:31:02,Wednesday,2,5,31,0,ok
2026-09-23T02:45:41Z,2026-09-23 05:45:41,Wednesday,2,5,45,0,ok
2026-09-23T03:01:13Z,2026-09-23 06:01:13,Wednesday,2,6,1,4,ok
2026-09-23T03:15:43Z,2026-09-23 06:15:43,Wednesday,2,6,15,8,ok
2026-09-23T03:30:59Z,2026-09-23 06:30:59,Wednesday,2,6,30,9,ok
2026-09-23T03:45:41Z,2026-09-23 06:45:41,Wednesday,2,6,45,10,ok
2026-09-23T04:01:12Z,2026-09-23 07:01:12,Wednesday,2,7,1,11,ok
2026-09-23T04:15:42Z,2026-09-23 07:15:42,Wednesday,2,7,15,10,ok
2026-09-23T04:31:03Z,2026-09-23 07:31:03,Wednesday,2,7,31,10,ok
2026-09-23T04:45:41Z,2026-09-23 07:45:41,Wednesday,2,7,45,9,ok
2026-09-23T05:01:11Z,2026-09-23 08:01:11,Wednesday,2,8,1,9,ok
2026-09-23T05:15:44Z,2026-09-23 08:15:44,Wednesday,2,8,15,8,ok
2026-09-23T05:31:00Z,2026-09-23 08:31:00,Wednesday,2,8,31,8,ok
2026-09-23T05:45:42Z,2026-09-23 08:45:42,Wednesday,2,8,45,8,ok
2026-09-23T06:01:17Z,2026-09-23 09:01:17,Wednesday,2,9,1,10,ok
2026-09-23T06:15:50Z,2026-09-23 09:15:50,Wednesday,2,9,15,10,ok
2026-09-23T06:31:12Z,2026-09-23 09:31:12,Wednesday,2,9,31,11,ok
2026-09-23T06:32:17Z,2026-09-23 09:32:17,Wednesday,2,9,32,11,ok
2026-09-23T06:45:43Z,2026-09-23 09:45:43,Wednesday,2,9,45,11,ok
2026-09-23T07:01:16Z,2026-09-23 10:01:16,Wednesday,2,10,1,10,ok
2026-09-23T07:15:44Z,2026-09-23 10:15:44,Wednesday,2,10,15,13,ok
2026-09-23T07:31:02Z,2026-09-23 10:31:02,Wednesday,2,10,31,12,ok
2026-09-23T07:45:46Z,2026-09-23 10:45:46,Wednesday,2,10,45,13,ok
2026-09-23T08:01:18Z,2026-09-23 11:01:18,Wednesday,2,11,1,13,ok
2026-09-23T08:15:45Z,2026-09-23 11:15:45,Wednesday,2,11,15,14,ok
2026-09-23T08:31:06Z,2026-09-23 11:31:06,Wednesday,2,11,31,14,ok
2026-09-23T08:45:43Z,2026-09-23 11:45:43,Wednesday,2,11,45,16,ok
2026-09-23T09:01:18Z,2026-09-23 12:01:18,Wednesday,2,12,1,18,ok
2026-09-23T09:15:44Z,2026-09-23 12:15:44,Wednesday,2,12,15,17,ok
2026-09-23T09:31:02Z,2026-09-23 12:31:02,Wednesday,2,12,31,18,ok
2026-09-23T09:45:42Z,2026-09-23 12:45:42,Wednesday,2,12,45,18,ok
2026-09-23T10:01:14Z,2026-09-23 13:01:14,Wednesday,2,13,1,18,ok
2026-09-23T10:15:47Z,2026-09-23 13:15:47,Wednesday,2,13,15,16,ok
2026-09-23T10:31:04Z,2026-09-23 13:31:04,Wednesday,2,13,31,16,ok
2026-09-23T10:45:43Z,2026-09-23 13:45:43,Wednesday,2,13,45,16,ok
2026-09-23T11:01:19Z,2026-09-23 14:01:19,Wednesday,2,14,1,14,ok
2026-09-23T11:15:47Z,2026-09-23 14:15:47,Wednesday,2,14,15,14,ok
2026-09-23T11:31:04Z,2026-09-23 14:31:04,Wednesday,2,14,31,14,ok
2026-09-23T11:45:43Z,2026-09-23 14:45:43,Wednesday,2,14,45,15,ok
2026-09-23T12:01:18Z,2026-09-23 15:01:18,Wednesday,2,15,1,21,ok
2026-09-23T12:03:35Z,2026-09-23 15:03:35,Wednesday,2,15,3,21,ok
2026-09-23T12:15:46Z,2026-09-23 15:15:46,Wednesday,2,15,15,23,ok
2026-09-23T12:31:02Z,2026-09-23 15:31:02,Wednesday,2,15,31,26,ok
2026-09-23T12:45:45Z,2026-09-23 15:45:45,Wednesday,2,15,45,28,ok
2026-09-23T13:01:20Z,2026-09-23 16:01:20,Wednesday,2,16,1,39,ok
2026-09-23T13:15:44Z,2026-09-23 16:15:44,Wednesday,2,16,15,43,ok
2026-09-23T13:31:03Z,2026-09-23 16:31:03,Wednesday,2,16,31,41,ok
2026-09-23T13:45:46Z,2026-09-23 16:45:46,Wednesday,2,16,45,45,ok
2026-09-23T14:15:42Z,2026-09-23 17:15:42,Wednesday,2,17,15,46,ok
2026-09-23T14:31:00Z,2026-09-23 17:31:00,Wednesday,2,17,31,51,ok
2026-09-23T14:45:45Z,2026-09-23 17:45:45,Wednesday,2,17,45,54,ok
2026-09-23T15:01:16Z,2026-09-23 18:01:16,Wednesday,2,18,1,53,ok
2026-09-23T15:15:45Z,2026-09-23 18:15:45,Wednesday,2,18,15,49,ok
2026-09-23T15:31:11Z,2026-09-23 18:31:11,Wednesday,2,18,31,60,ok
2026-09-23T15:45:42Z,2026-09-23 18:45:42,Wednesday,2,18,45,58,ok
2026-09-23T16:01:19Z,2026-09-23 19:01:19,Wednesday,2,19,1,58,ok
2026-09-23T16:15:45Z,2026-09-23 19:15:45,Wednesday,2,19,15,57,ok
2026-09-23T16:31:04Z,2026-09-23 19:31:04,Wednesday,2,19,31,54,ok
2026-09-23T16:45:43Z,2026-09-23 19:45:43,Wednesday,2,19,45,44,ok
2026-09-23T17:01:21Z,2026-09-23 20:01:21,Wednesday,2,20,1,41,ok
2026-09-23T17:06:23Z,2026-09-23 20:06:23,Wednesday,2,20,6,41,ok
2026-09-23T17:15:47Z,2026-09-23 20:15:47,Wednesday,2,20,15,37,ok
2026-09-23T17:31:01Z,2026-09-23 20:31:01,Wednesday,2,20,31,31,ok
2026-09-23T17:45:43Z,2026-09-23 20:45:43,Wednesday,2,20,45,27,ok
2026-09-23T18:01:17Z,2026-09-23 21:01:17,Wednesday,2,21,1,23,ok
2026-09-23T18:15:43Z,2026-09-23 21:15:43,Wednesday,2,21,15,20,ok
2026-09-23T18:31:04Z,2026-09-23 21:31:04,Wednesday,2,21,31,17,ok
2026-09-23T18:45:45Z,2026-09-23 21:45:45,Wednesday,2,21,45,12,ok
2026-09-23T19:01:13Z,2026-09-23 22:01:13,Wednesday,2,22,1,0,ok
2026-09-23T19:15:43Z,2026-09-23 22:15:43,Wednesday,2,22,15,0,ok
2026-09-23T19:31:02Z,2026-09-23 22:31:02,Wednesday,2,22,31,0,ok
2026-09-23T19:45:43Z,2026-09-23 22:45:43,Wednesday,2,22,45,0,ok
2026-09-23T20:01:18Z,2026-09-23 23:01:18,Wednesday,2,23,1,0,ok
2026-09-23T20:15:41Z,2026-09-23 23:15:41,Wednesday,2,23,15,0,ok
2026-09-23T20:25:46Z,2026-09-23 23:25:46,Wednesday,2,23,25,0,ok
2026-09-23T20:31:04Z,2026-09-23 23:31:04,Wednesday,2,23,31,0,ok
2026-09-23T20:45:44Z,2026-09-23 23:45:44,Wednesday,2,23,45,0,ok
2026-09-23T21:01:12Z,2026-09-24 00:01:12,Thursday,3,0,1,0,ok
2026-09-23T21:15:43Z,2026-09-24 00:15:43,Thursday,3,0,15,0,ok
2026-09-23T21:31:01Z,2026-09-24 00:31:01,Thursday,3,0,31,0,ok
2026-09-23T21:45:44Z,2026-09-24 00:45:44,Thursday,3,0,45,0,ok
2026-09-23T22:01:19Z,2026-09-24 01:01:19,Thursday,3,1,1,0,ok
2026-09-23T22:15:41Z,2026-09-24 01:15:41,Thursday,3,1,15,0,ok
2026-09-23T22:31:01Z,2026-09-24 01:31:01,Thursday,3,1,31,0,ok
2026-09-23T22:45:43Z,2026-09-24 01:45:43,Thursday,3,1,45,0,ok
2026-09-23T23:01:14Z,2026-09-24 02:01:14,Thursday,3,2,1,0,ok
2026-09-23T23:04:34Z,2026-09-24 02:04:34,Thursday,3,2,4,0,ok
2026-09-23T23:15:42Z,2026-09-24 02:15:42,Thursday,3,2,15,0,ok
2026-09-23T23:31:01Z,2026-09-24 02:31:01,Thursday,3,2,31,0,ok
2026-09-23T23:45:42Z,2026-09-24 02:45:42,Thursday,3,2,45,0,ok
2026-09-24T00:01:16Z,2026-09-24 03:01:16,Thursday,3,3,1,0,ok
2026-09-24T00:15:41Z,2026-09-24 03:15:41,Thursday,3,3,15,0,ok
2026-09-24T00:31:01Z,2026-09-24 03:31:01,Thursday,3,3,31,0,ok
2026-09-24T00:45:40Z,2026-09-24 03:45:40,Thursday,3,3,45,0,ok
2026-09-24T01:01:12Z,2026-09-24 04:01:12,Thursday,3,4,1,0,ok
2026-09-24T01:15:42Z,2026-09-24 04:15:42,Thursday,3,4,15,0,ok
2026-09-24T01:27:15Z,2026-09-24 04:27:15,Thursday,3,4,27,0,ok
2026-09-24T01:31:00Z,2026-09-24 04:31:00,Thursday,3,4,31,0,ok
2026-09-24T01:45:40Z,2026-09-24 04:45:40,Thursday,3,4,45,0,ok
2026-09-24T02:01:16Z,2026-09-24 05:01:16,Thursday,3,5,1,0,ok
2026-09-24T02:15:46Z,2026-09-24 05:15:46,Thursday,3,5,15,0,ok
2026-09-24T02:31:09Z,2026-09-24 05:31:09,Thursday,3,5,31,0,ok
2026-09-24T02:45:42Z,2026-09-24 05:45:42,Thursday,3,5,45,0,ok
2026-09-24T03:01:16Z,2026-09-24 06:01:16,Thursday,3,6,1,2,ok
2026-09-24T03:15:40Z,2026-09-24 06:15:40,Thursday,3,6,15,7,ok
2026-09-24T03:31:01Z,2026-09-24 06:31:01,Thursday,3,6,31,9,ok
2026-09-24T03:45:42Z,2026-09-24 06:45:42,Thursday,3,6,45,10,ok
2026-09-24T04:01:14Z,2026-09-24 07:01:14,Thursday,3,7,1,11,ok
2026-09-24T04:15:41Z,2026-09-24 07:15:41,Thursday,3,7,15,11,ok
2026-09-24T04:31:04Z,2026-09-24 07:31:04,Thursday,3,7,31,13,ok
2026-09-24T04:45:42Z,2026-09-24 07:45:42,Thursday,3,7,45,13,ok
2026-09-24T05:01:15Z,2026-09-24 08:01:15,Thursday,3,8,1,12,ok
2026-09-24T05:15:42Z,2026-09-24 08:15:42,Thursday,3,8,15,17,ok
2026-09-24T05:31:02Z,2026-09-24 08:31:02,Thursday,3,8,31,17,ok
2026-09-24T05:45:41Z,2026-09-24 08:45:41,Thursday,3,8,45,16,ok
2026-09-24T06:01:20Z,2026-09-24 09:01:20,Thursday,3,9,1,17,ok
2026-09-24T06:15:45Z,2026-09-24 09:15:45,Thursday,3,9,15,17,ok
2026-09-24T06:31:02Z,2026-09-24 09:31:02,Thursday,3,9,31,16,ok
2026-09-24T06:38:20Z,2026-09-24 09:38:20,Thursday,3,9,38,17,ok
2026-09-24T06:45:45Z,2026-09-24 09:45:45,Thursday,3,9,45,17,ok
2026-09-24T07:01:16Z,2026-09-24 10:01:16,Thursday,3,10,1,16,ok
2026-09-24T07:15:52Z,2026-09-24 10:15:52,Thursday,3,10,15,16,ok
2026-09-24T07:31:01Z,2026-09-24 10:31:01,Thursday,3,10,31,16,ok
2026-09-24T07:45:48Z,2026-09-24 10:45:48,Thursday,3,10,45,17,ok
2026-09-24T08:01:19Z,2026-09-24 11:01:19,Thursday,3,11,1,18,ok
2026-09-24T08:15:43Z,2026-09-24 11:15:43,Thursday,3,11,15,19,ok
2026-09-24T08:31:02Z,2026-09-24 11:31:02,Thursday,3,11,31,20,ok
2026-09-24T08:45:42Z,2026-09-24 11:45:42,Thursday,3,11,45,21,ok
2026-09-24T09:01:20Z,2026-09-24 12:01:20,Thursday,3,12,1,25,ok
2026-09-24T09:16:01Z,2026-09-24 12:16:01,Thursday,3,12,16,25,ok
2026-09-24T09:31:00Z,2026-09-24 12:31:00,Thursday,3,12,31,23,ok
2026-09-24T09:45:42Z,2026-09-24 12:45:42,Thursday,3,12,45,22,ok
2026-09-24T10:01:18Z,2026-09-24 13:01:18,Thursday,3,13,1,17,ok
2026-09-24T10:15:56Z,2026-09-24 13:15:56,Thursday,3,13,15,16,ok
2026-09-24T10:31:02Z,2026-09-24 13:31:02,Thursday,3,13,31,17,ok
2026-09-24T10:45:43Z,2026-09-24 13:45:43,Thursday,3,13,45,17,ok
2026-09-24T11:01:18Z,2026-09-24 14:01:18,Thursday,3,14,1,18,ok
2026-09-24T11:15:45Z,2026-09-24 14:15:45,Thursday,3,14,15,17,ok
2026-09-24T11:31:11Z,2026-09-24 14:31:11,Thursday,3,14,31,18,ok
2026-09-24T11:45:45Z,2026-09-24 14:45:45,Thursday,3,14,45,18,ok
2026-09-24T12:01:52Z,2026-09-24 15:01:52,Thursday,3,15,1,26,ok
2026-09-24T12:15:43Z,2026-09-24 15:15:43,Thursday,3,15,15,30,ok
2026-09-24T12:17:11Z,2026-09-24 15:17:11,Thursday,3,15,17,30,ok
2026-09-24T12:31:04Z,2026-09-24 15:31:04,Thursday,3,15,31,33,ok
2026-09-24T12:45:46Z,2026-09-24 15:45:46,Thursday,3,15,45,35,ok
2026-09-24T13:01:20Z,2026-09-24 16:01:20,Thursday,3,16,1,41,ok
2026-09-24T13:15:52Z,2026-09-24 16:15:52,Thursday,3,16,15,39,ok
2026-09-24T13:31:03Z,2026-09-24 16:31:03,Thursday,3,16,31,41,ok
2026-09-24T13:45:44Z,2026-09-24 16:45:44,Thursday,3,16,45,42,ok
2026-09-24T14:01:19Z,2026-09-24 17:01:19,Thursday,3,17,1,48,ok
2026-09-24T14:15:44Z,2026-09-24 17:15:44,Thursday,3,17,15,49,ok
2026-09-24T14:45:47Z,2026-09-24 17:45:47,Thursday,3,17,45,56,ok
2026-09-24T15:01:18Z,2026-09-24 18:01:18,Thursday,3,18,1,54,ok
2026-09-24T15:15:44Z,2026-09-24 18:15:44,Thursday,3,18,15,50,ok
2026-09-24T15:31:08Z,2026-09-24 18:31:08,Thursday,3,18,31,56,ok
2026-09-24T15:45:45Z,2026-09-24 18:45:45,Thursday,3,18,45,55,ok
2026-09-24T16:01:20Z,2026-09-24 19:01:20,Thursday,3,19,1,54,ok
2026-09-24T16:15:46Z,2026-09-24 19:15:46,Thursday,3,19,15,52,ok
2026-09-24T16:31:02Z,2026-09-24 19:31:02,Thursday,3,19,31,45,ok
2026-09-24T16:45:45Z,2026-09-24 19:45:45,Thursday,3,19,45,38,ok
2026-09-24T17:01:16Z,2026-09-24 20:01:16,Thursday,3,20,1,36,ok
2026-09-24T17:15:42Z,2026-09-24 20:15:42,Thursday,3,20,15,31,ok
2026-09-24T17:19:47Z,2026-09-24 20:19:47,Thursday,3,20,19,30,ok
2026-09-24T17:31:05Z,2026-09-24 20:31:05,Thursday,3,20,31,27,ok
2026-09-24T17:45:41Z,2026-09-24 20:45:41,Thursday,3,20,45,23,ok
2026-09-24T18:01:15Z,2026-09-24 21:01:15,Thursday,3,21,1,21,ok
2026-09-24T18:15:45Z,2026-09-24 21:15:45,Thursday,3,21,15,19,ok
2026-09-24T18:31:03Z,2026-09-24 21:31:03,Thursday,3,21,31,16,ok
2026-09-24T18:45:43Z,2026-09-24 21:45:43,Thursday,3,21,45,11,ok
2026-09-24T19:01:23Z,2026-09-24 22:01:23,Thursday,3,22,1,0,ok
2026-09-24T19:15:43Z,2026-09-24 22:15:43,Thursday,3,22,15,0,ok
2026-09-24T19:31:05Z,2026-09-24 22:31:05,Thursday,3,22,31,0,ok
2026-09-24T19:45:42Z,2026-09-24 22:45:42,Thursday,3,22,45,0,ok
2026-09-24T20:01:17Z,2026-09-24 23:01:17,Thursday,3,23,1,0,ok
2026-09-24T20:15:44Z,2026-09-24 23:15:44,Thursday,3,23,15,0,ok
2026-09-24T20:31:02Z,2026-09-24 23:31:02,Thursday,3,23,31,0,ok
2026-09-24T20:41:50Z,2026-09-24 23:41:50,Thursday,3,23,41,0,ok
2026-09-24T20:45:43Z,2026-09-24 23:45:43,Thursday,3,23,45,0,ok
2026-09-24T21:01:14Z,2026-09-25 00:01:14,Friday,4,0,1,0,ok
2026-09-24T21:15:42Z,2026-09-25 00:15:42,Friday,4,0,15,0,ok
2026-09-24T21:31:01Z,2026-09-25 00:31:01,Friday,4,0,31,0,ok
2026-09-24T21:45:41Z,2026-09-25 00:45:41,Friday,4,0,45,0,ok
2026-09-24T22:01:21Z,2026-09-25 01:01:21,Friday,4,1,1,0,ok
2026-09-24T22:15:43Z,2026-09-25 01:15:43,Friday,4,1,15,0,ok
2026-09-24T22:31:02Z,2026-09-25 01:31:02,Friday,4,1,31,0,ok
2026-09-24T22:45:42Z,2026-09-25 01:45:42,Friday,4,1,45,0,ok
2026-09-24T23:01:11Z,2026-09-25 02:01:11,Friday,4,2,1,0,ok
2026-09-24T23:15:41Z,2026-09-25 02:15:41,Friday,4,2,15,0,ok
2026-09-24T23:30:53Z,2026-09-25 02:30:53,Friday,4,2,30,0,ok
2026-09-24T23:45:40Z,2026-09-25 02:45:40,Friday,4,2,45,0,ok
2026-09-25T00:01:19Z,2026-09-25 03:01:19,Friday,4,3,1,0,ok
2026-09-25T00:15:42Z,2026-09-25 03:15:42,Friday,4,3,15,0,ok
2026-09-25T00:31:00Z,2026-09-25 03:31:00,Friday,4,3,31,0,ok
2026-09-25T00:45:42Z,2026-09-25 03:45:42,Friday,4,3,45,0,ok
2026-09-25T01:01:11Z,2026-09-25 04:01:11,Friday,4,4,1,0,ok
2026-09-25T01:15:40Z,2026-09-25 04:15:40,Friday,4,4,15,0,ok
2026-09-25T01:31:01Z,2026-09-25 04:31:01,Friday,4,4,31,0,ok
2026-09-25T01:45:42Z,2026-09-25 04:45:42,Friday,4,4,45,0,ok
2026-09-25T01:50:25Z,2026-09-25 04:50:25,Friday,4,4,50,0,ok
2026-09-25T02:01:15Z,2026-09-25 05:01:15,Friday,4,5,1,0,ok
2026-09-25T02:15:43Z,2026-09-25 05:15:43,Friday,4,5,15,0,ok
2026-09-25T02:31:00Z,2026-09-25 05:31:00,Friday,4,5,31,0,ok
2026-09-25T02:45:41Z,2026-09-25 05:45:41,Friday,4,5,45,0,ok
2026-09-25T03:01:11Z,2026-09-25 06:01:11,Friday,4,6,1,2,ok
2026-09-25T03:15:42Z,2026-09-25 06:15:42,Friday,4,6,15,8,ok
2026-09-25T03:30:59Z,2026-09-25 06:30:59,Friday,4,6,30,9,ok
2026-09-25T03:45:43Z,2026-09-25 06:45:43,Friday,4,6,45,13,ok
2026-09-25T04:01:09Z,2026-09-25 07:01:09,Friday,4,7,1,14,ok
2026-09-25T04:15:43Z,2026-09-25 07:15:43,Friday,4,7,15,14,ok
2026-09-25T04:31:05Z,2026-09-25 07:31:05,Friday,4,7,31,14,ok
2026-09-25T04:45:39Z,2026-09-25 07:45:39,Friday,4,7,45,14,ok
2026-09-25T05:01:12Z,2026-09-25 08:01:12,Friday,4,8,1,12,ok
2026-09-25T05:15:41Z,2026-09-25 08:15:41,Friday,4,8,15,13,ok
2026-09-25T05:30:58Z,2026-09-25 08:30:58,Friday,4,8,30,15,ok
2026-09-25T05:45:42Z,2026-09-25 08:45:42,Friday,4,8,45,16,ok
2026-09-25T06:01:17Z,2026-09-25 09:01:17,Friday,4,9,1,16,ok
2026-09-25T06:15:42Z,2026-09-25 09:15:42,Friday,4,9,15,16,ok
2026-09-25T06:31:01Z,2026-09-25 09:31:01,Friday,4,9,31,16,ok
2026-09-25T06:45:41Z,2026-09-25 09:45:41,Friday,4,9,45,16,ok
2026-09-25T07:01:13Z,2026-09-25 10:01:13,Friday,4,10,1,14,ok
2026-09-25T07:15:44Z,2026-09-25 10:15:44,Friday,4,10,15,15,ok
2026-09-25T07:31:00Z,2026-09-25 10:31:00,Friday,4,10,31,15,ok
2026-09-25T07:32:16Z,2026-09-25 10:32:16,Friday,4,10,32,15,ok
2026-09-25T07:45:41Z,2026-09-25 10:45:41,Friday,4,10,45,15,ok
2026-09-25T08:01:13Z,2026-09-25 11:01:13,Friday,4,11,1,15,ok
2026-09-25T08:15:45Z,2026-09-25 11:15:45,Friday,4,11,15,15,ok
2026-09-25T08:31:04Z,2026-09-25 11:31:04,Friday,4,11,31,15,ok
2026-09-25T08:45:40Z,2026-09-25 11:45:40,Friday,4,11,45,16,ok
2026-09-25T09:01:13Z,2026-09-25 12:01:13,Friday,4,12,1,16,ok
2026-09-25T09:15:44Z,2026-09-25 12:15:44,Friday,4,12,15,17,ok
2026-09-25T09:31:08Z,2026-09-25 12:31:08,Friday,4,12,31,18,ok
2026-09-25T09:45:44Z,2026-09-25 12:45:44,Friday,4,12,45,16,ok
2026-09-25T10:01:14Z,2026-09-25 13:01:14,Friday,4,13,1,15,ok
2026-09-25T10:15:44Z,2026-09-25 13:15:44,Friday,4,13,15,14,ok
2026-09-25T10:31:04Z,2026-09-25 13:31:04,Friday,4,13,31,14,ok
2026-09-25T10:45:44Z,2026-09-25 13:45:44,Friday,4,13,45,13,ok
2026-09-25T11:01:14Z,2026-09-25 14:01:14,Friday,4,14,1,13,ok
2026-09-25T11:15:46Z,2026-09-25 14:15:46,Friday,4,14,15,13,ok
2026-09-25T11:31:05Z,2026-09-25 14:31:05,Friday,4,14,31,19,ok
2026-09-25T11:45:40Z,2026-09-25 14:45:40,Friday,4,14,45,18,ok
2026-09-25T12:01:17Z,2026-09-25 15:01:17,Friday,4,15,1,29,ok
2026-09-25T12:15:42Z,2026-09-25 15:15:42,Friday,4,15,15,35,ok
2026-09-25T12:31:01Z,2026-09-25 15:31:01,Friday,4,15,31,36,ok
2026-09-25T12:45:46Z,2026-09-25 15:45:46,Friday,4,15,45,37,ok
2026-09-25T12:56:38Z,2026-09-25 15:56:38,Friday,4,15,56,43,ok
2026-09-25T13:01:14Z,2026-09-25 16:01:14,Friday,4,16,1,45,ok
2026-09-25T13:15:43Z,2026-09-25 16:15:43,Friday,4,16,15,46,ok
2026-09-25T13:31:06Z,2026-09-25 16:31:06,Friday,4,16,31,42,ok
2026-09-25T13:45:43Z,2026-09-25 16:45:43,Friday,4,16,45,45,ok
2026-09-25T14:01:17Z,2026-09-25 17:01:17,Friday,4,17,1,48,ok
2026-09-25T14:15:42Z,2026-09-25 17:15:42,Friday,4,17,15,45,ok
2026-09-25T14:31:04Z,2026-09-25 17:31:04,Friday,4,17,31,50,ok
2026-09-25T14:45:44Z,2026-09-25 17:45:44,Friday,4,17,45,51,ok
2026-09-25T15:01:19Z,2026-09-25 18:01:19,Friday,4,18,1,51,ok
2026-09-25T15:15:45Z,2026-09-25 18:15:45,Friday,4,18,15,49,ok
2026-09-25T15:31:07Z,2026-09-25 18:31:07,Friday,4,18,31,56,ok
2026-09-25T15:45:43Z,2026-09-25 18:45:43,Friday,4,18,45,52,ok
2026-09-25T16:01:14Z,2026-09-25 19:01:14,Friday,4,19,1,51,ok
2026-09-25T16:15:44Z,2026-09-25 19:15:44,Friday,4,19,15,53,ok
2026-09-25T16:30:59Z,2026-09-25 19:30:59,Friday,4,19,30,50,ok
2026-09-25T16:45:43Z,2026-09-25 19:45:43,Friday,4,19,45,44,ok
2026-09-25T17:01:17Z,2026-09-25 20:01:17,Friday,4,20,1,41,ok
2026-09-25T17:15:43Z,2026-09-25 20:15:43,Friday,4,20,15,39,ok
2026-09-25T17:31:00Z,2026-09-25 20:31:00,Friday,4,20,31,33,ok
2026-09-25T17:46:17Z,2026-09-25 20:46:17,Friday,4,20,46,27,ok
2026-09-25T17:52:37Z,2026-09-25 20:52:37,Friday,4,20,52,26,ok
2026-09-25T18:01:14Z,2026-09-25 21:01:14,Friday,4,21,1,24,ok
2026-09-25T18:15:45Z,2026-09-25 21:15:45,Friday,4,21,15,21,ok
2026-09-25T18:31:06Z,2026-09-25 21:31:06,Friday,4,21,31,16,ok
2026-09-25T18:45:41Z,2026-09-25 21:45:41,Friday,4,21,45,13,ok
2026-09-25T19:01:19Z,2026-09-25 22:01:19,Friday,4,22,1,0,ok
2026-09-25T19:15:44Z,2026-09-25 22:15:44,Friday,4,22,15,0,ok
2026-09-25T19:31:00Z,2026-09-25 22:31:00,Friday,4,22,31,0,ok
2026-09-25T19:45:43Z,2026-09-25 22:45:43,Friday,4,22,45,0,ok
2026-09-25T20:01:10Z,2026-09-25 23:01:10,Friday,4,23,1,0,ok
2026-09-25T20:15:43Z,2026-09-25 23:15:43,Friday,4,23,15,0,ok
2026-09-25T20:30:59Z,2026-09-25 23:30:59,Friday,4,23,30,0,ok
2026-09-25T20:45:41Z,2026-09-25 23:45:41,Friday,4,23,45,0,ok
2026-09-25T21:01:15Z,2026-09-26 00:01:15,Saturday,5,0,1,0,ok
2026-09-25T21:15:47Z,2026-09-26 00:15:47,Saturday,5,0,15,0,ok
2026-09-25T21:24:48Z,2026-09-26 00:24:48,Saturday,5,0,24,0,ok
2026-09-25T21:30:58Z,2026-09-26 00:30:58,Saturday,5,0,30,0,ok
2026-09-25T21:45:42Z,2026-09-26 00:45:42,Saturday,5,0,45,0,ok
2026-09-25T22:01:18Z,2026-09-26 01:01:18,Saturday,5,1,1,0,ok
2026-09-25T22:15:40Z,2026-09-26 01:15:40,Saturday,5,1,15,0,ok
2026-09-25T22:30:58Z,2026-09-26 01:30:58,Saturday,5,1,30,0,ok
2026-09-25T22:45:40Z,2026-09-26 01:45:40,Saturday,5,1,45,0,ok
2026-09-25T23:01:07Z,2026-09-26 02:01:07,Saturday,5,2,1,0,ok
2026-09-25T23:15:41Z,2026-09-26 02:15:41,Saturday,5,2,15,0,ok
2026-09-25T23:30:56Z,2026-09-26 02:30:56,Saturday,5,2,30,0,ok
2026-09-25T23:45:37Z,2026-09-26 02:45:37,Saturday,5,2,45,0,ok
2026-09-26T00:01:10Z,2026-09-26 03:01:10,Saturday,5,3,1,0,ok
2026-09-26T00:05:13Z,2026-09-26 03:05:13,Saturday,5,3,5,0,ok
2026-09-26T00:15:39Z,2026-09-26 03:15:39,Saturday,5,3,15,0,ok
2026-09-26T00:30:58Z,2026-09-26 03:30:58,Saturday,5,3,30,0,ok
2026-09-26T00:45:36Z,2026-09-26 03:45:36,Saturday,5,3,45,0,ok
2026-09-26T01:01:11Z,2026-09-26 04:01:11,Saturday,5,4,1,0,ok
2026-09-26T01:15:37Z,2026-09-26 04:15:37,Saturday,5,4,15,0,ok
2026-09-26T01:30:56Z,2026-09-26 04:30:56,Saturday,5,4,30,0,ok
2026-09-26T01:45:37Z,2026-09-26 04:45:37,Saturday,5,4,45,0,ok
2026-09-26T02:01:08Z,2026-09-26 05:01:08,Saturday,5,5,1,0,ok
2026-09-26T02:15:39Z,2026-09-26 05:15:39,Saturday,5,5,15,0,ok
2026-09-26T02:30:57Z,2026-09-26 05:30:57,Saturday,5,5,30,0,ok
2026-09-26T02:45:39Z,2026-09-26 05:45:39,Saturday,5,5,45,0,ok
2026-09-26T03:01:09Z,2026-09-26 06:01:09,Saturday,5,6,1,,http_error:URLError
2026-09-26T03:15:40Z,2026-09-26 06:15:40,Saturday,5,6,15,0,ok
2026-09-26T03:30:55Z,2026-09-26 06:30:55,Saturday,5,6,30,0,ok
2026-09-26T03:45:39Z,2026-09-26 06:45:39,Saturday,5,6,45,0,ok
2026-09-26T04:01:06Z,2026-09-26 07:01:06,Saturday,5,7,1,0,ok
2026-09-26T04:15:38Z,2026-09-26 07:15:38,Saturday,5,7,15,0,ok
2026-09-26T04:31:02Z,2026-09-26 07:31:02,Saturday,5,7,31,0,ok
2026-09-26T04:45:39Z,2026-09-26 07:45:39,Saturday,5,7,45,0,ok
2026-09-26T05:01:09Z,2026-09-26 08:01:09,Saturday,5,8,1,1,ok
2026-09-26T05:03:38Z,2026-09-26 08:03:38,Saturday,5,8,3,6,ok
2026-09-26T05:15:39Z,2026-09-26 08:15:39,Saturday,5,8,15,13,ok
2026-09-26T05:30:53Z,2026-09-26 08:30:53,Saturday,5,8,30,15,ok
2026-09-26T05:45:41Z,2026-09-26 08:45:41,Saturday,5,8,45,16,ok
2026-09-26T06:01:10Z,2026-09-26 09:01:10,Saturday,5,9,1,19,ok
2026-09-26T06:15:47Z,2026-09-26 09:15:47,Saturday,5,9,15,25,ok
2026-09-26T06:30:58Z,2026-09-26 09:30:58,Saturday,5,9,30,26,ok
2026-09-26T06:45:44Z,2026-09-26 09:45:44,Saturday,5,9,45,27,ok
2026-09-26T07:01:16Z,2026-09-26 10:01:16,Saturday,5,10,1,30,ok
2026-09-26T07:15:44Z,2026-09-26 10:15:44,Saturday,5,10,15,28,ok
2026-09-26T07:31:00Z,2026-09-26 10:31:00,Saturday,5,10,31,24,ok
2026-09-26T07:45:41Z,2026-09-26 10:45:41,Saturday,5,10,45,27,ok
2026-09-26T08:01:14Z,2026-09-26 11:01:14,Saturday,5,11,1,27,ok
2026-09-26T08:15:42Z,2026-09-26 11:15:42,Saturday,5,11,15,29,ok
2026-09-26T08:31:04Z,2026-09-26 11:31:04,Saturday,5,11,31,27,ok
2026-09-26T08:45:40Z,2026-09-26 11:45:40,Saturday,5,11,45,32,ok
2026-09-26T09:01:11Z,2026-09-26 12:01:11,Saturday,5,12,1,32,ok
2026-09-26T09:15:39Z,2026-09-26 12:15:39,Saturday,5,12,15,29,ok
2026-09-26T09:30:56Z,2026-09-26 12:30:56,Saturday,5,12,30,31,ok
2026-09-26T09:45:40Z,2026-09-26 12:45:40,Saturday,5,12,45,32,ok
2026-09-26T09:54:58Z,2026-09-26 12:54:58,Saturday,5,12,54,30,ok
2026-09-26T10:01:11Z,2026-09-26 13:01:11,Saturday,5,13,1,29,ok
2026-09-26T10:15:44Z,2026-09-26 13:15:44,Saturday,5,13,15,26,ok
2026-09-26T10:31:03Z,2026-09-26 13:31:03,Saturday,5,13,31,24,ok
2026-09-26T10:45:43Z,2026-09-26 13:45:43,Saturday,5,13,45,22,ok
2026-09-26T11:01:13Z,2026-09-26 14:01:13,Saturday,5,14,1,21,ok
2026-09-26T11:15:42Z,2026-09-26 14:15:42,Saturday,5,14,15,21,ok
2026-09-26T11:31:01Z,2026-09-26 14:31:01,Saturday,5,14,31,21,ok
2026-09-26T11:45:42Z,2026-09-26 14:45:42,Saturday,5,14,45,20,ok
2026-09-26T12:01:15Z,2026-09-26 15:01:15,Saturday,5,15,1,22,ok
2026-09-26T12:15:39Z,2026-09-26 15:15:39,Saturday,5,15,15,22,ok
2026-09-26T12:31:01Z,2026-09-26 15:31:01,Saturday,5,15,31,21,ok
2026-09-26T12:45:39Z,2026-09-26 15:45:39,Saturday,5,15,45,22,ok
2026-09-26T13:01:18Z,2026-09-26 16:01:18,Saturday,5,16,1,22,ok
2026-09-26T13:15:41Z,2026-09-26 16:15:41,Saturday,5,16,15,22,ok
2026-09-26T13:30:58Z,2026-09-26 16:30:58,Saturday,5,16,30,22,ok
2026-09-26T13:45:41Z,2026-09-26 16:45:41,Saturday,5,16,45,21,ok
2026-09-26T14:01:16Z,2026-09-26 17:01:16,Saturday,5,17,1,23,ok
2026-09-26T14:15:44Z,2026-09-26 17:15:44,Saturday,5,17,15,24,ok
2026-09-26T14:17:43Z,2026-09-26 17:17:43,Saturday,5,17,17,25,ok
2026-09-26T14:31:02Z,2026-09-26 17:31:02,Saturday,5,17,31,25,ok
2026-09-26T14:45:40Z,2026-09-26 17:45:40,Saturday,5,17,45,22,ok
2026-09-26T15:01:25Z,2026-09-26 18:01:25,Saturday,5,18,1,22,ok
2026-09-26T15:15:43Z,2026-09-26 18:15:43,Saturday,5,18,15,21,ok
2026-09-26T15:31:04Z,2026-09-26 18:31:04,Saturday,5,18,31,22,ok
2026-09-26T15:45:43Z,2026-09-26 18:45:43,Saturday,5,18,45,23,ok
2026-09-26T16:01:17Z,2026-09-26 19:01:17,Saturday,5,19,1,23,ok
2026-09-26T16:15:40Z,2026-09-26 19:15:40,Saturday,5,19,15,21,ok
2026-09-26T16:30:58Z,2026-09-26 19:30:58,Saturday,5,19,30,22,ok
2026-09-26T16:45:39Z,2026-09-26 19:45:39,Saturday,5,19,45,21,ok
2026-09-26T17:01:16Z,2026-09-26 20:01:16,Saturday,5,20,1,17,ok
2026-09-26T17:15:40Z,2026-09-26 20:15:40,Saturday,5,20,15,15,ok
2026-09-26T17:31:00Z,2026-09-26 20:31:00,Saturday,5,20,31,12,ok
2026-09-26T17:45:42Z,2026-09-26 20:45:42,Saturday,5,20,45,8,ok
2026-09-26T17:48:21Z,2026-09-26 20:48:21,Saturday,5,20,48,7,ok
2026-09-26T18:01:10Z,2026-09-26 21:01:10,Saturday,5,21,1,0,ok
2026-09-26T18:15:42Z,2026-09-26 21:15:42,Saturday,5,21,15,0,ok
2026-09-26T18:31:03Z,2026-09-26 21:31:03,Saturday,5,21,31,0,ok
2026-09-26T18:45:40Z,2026-09-26 21:45:40,Saturday,5,21,45,0,ok
2026-09-26T19:01:14Z,2026-09-26 22:01:14,Saturday,5,22,1,0,ok
2026-09-26T19:15:40Z,2026-09-26 22:15:40,Saturday,5,22,15,0,ok
2026-09-26T19:31:02Z,2026-09-26 22:31:02,Saturday,5,22,31,0,ok
2026-09-26T19:45:42Z,2026-09-26 22:45:42,Saturday,5,22,45,0,ok
2026-09-26T20:01:15Z,2026-09-26 23:01:15,Saturday,5,23,1,0,ok
2026-09-26T20:15:42Z,2026-09-26 23:15:42,Saturday,5,23,15,0,ok
2026-09-26T20:31:00Z,2026-09-26 23:31:00,Saturday,5,23,31,0,ok
2026-09-26T20:45:43Z,2026-09-26 23:45:43,Saturday,5,23,45,0,ok
2026-09-26T20:56:16Z,2026-09-26 23:56:16,Saturday,5,23,56,0,ok
2026-09-26T21:01:15Z,2026-09-27 00:01:15,Sunday,6,0,1,0,ok
2026-09-26T21:15:44Z,2026-09-27 00:15:44,Sunday,6,0,15,0,ok
2026-09-26T21:31:03Z,2026-09-27 00:31:03,Sunday,6,0,31,0,ok
2026-09-26T21:45:43Z,2026-09-27 00:45:43,Sunday,6,0,45,0,ok
2026-09-26T22:01:24Z,2026-09-27 01:01:24,Sunday,6,1,1,0,ok
2026-09-26T22:15:43Z,2026-09-27 01:15:43,Sunday,6,1,15,0,ok
2026-09-26T22:31:00Z,2026-09-27 01:31:00,Sunday,6,1,31,0,ok
2026-09-26T22:45:40Z,2026-09-27 01:45:40,Sunday,6,1,45,0,ok
2026-09-26T23:01:06Z,2026-09-27 02:01:06,Sunday,6,2,1,0,ok
2026-09-26T23:15:41Z,2026-09-27 02:15:41,Sunday,6,2,15,0,ok
2026-09-26T23:28:08Z,2026-09-27 02:28:08,Sunday,6,2,28,0,ok
2026-09-26T23:30:59Z,2026-09-27 02:30:59,Sunday,6,2,30,0,ok
2026-09-26T23:45:43Z,2026-09-27 02:45:43,Sunday,6,2,45,0,ok
2026-09-27T00:01:17Z,2026-09-27 03:01:17,Sunday,6,3,1,0,ok
2026-09-27T00:15:39Z,2026-09-27 03:15:39,Sunday,6,3,15,0,ok
2026-09-27T00:30:56Z,2026-09-27 03:30:56,Sunday,6,3,30,0,ok
2026-09-27T00:45:38Z,2026-09-27 03:45:38,Sunday,6,3,45,0,ok
2026-09-27T01:01:07Z,2026-09-27 04:01:07,Sunday,6,4,1,0,ok
2026-09-27T01:15:43Z,2026-09-27 04:15:43,Sunday,6,4,15,0,ok
2026-09-27T01:30:59Z,2026-09-27 04:30:59,Sunday,6,4,30,0,ok
2026-09-27T01:41:22Z,2026-09-27 04:41:22,Sunday,6,4,41,0,ok
2026-09-27T01:45:42Z,2026-09-27 04:45:42,Sunday,6,4,45,0,ok
2026-09-27T02:01:13Z,2026-09-27 05:01:13,Sunday,6,5,1,0,ok
2026-09-27T02:15:44Z,2026-09-27 05:15:44,Sunday,6,5,15,0,ok
2026-09-27T02:31:01Z,2026-09-27 05:31:01,Sunday,6,5,31,0,ok
2026-09-27T02:45:48Z,2026-09-27 05:45:48,Sunday,6,5,45,0,ok
2026-09-27T03:01:10Z,2026-09-27 06:01:10,Sunday,6,6,1,0,ok
2026-09-27T03:15:42Z,2026-09-27 06:15:42,Sunday,6,6,15,0,ok
2026-09-27T03:30:57Z,2026-09-27 06:30:57,Sunday,6,6,30,0,ok
2026-09-27T03:45:41Z,2026-09-27 06:45:41,Sunday,6,6,45,0,ok
2026-09-27T04:01:14Z,2026-09-27 07:01:14,Sunday,6,7,1,0,ok
2026-09-27T04:15:40Z,2026-09-27 07:15:40,Sunday,6,7,15,0,ok
2026-09-27T04:31:05Z,2026-09-27 07:31:05,Sunday,6,7,31,0,ok
2026-09-27T04:45:41Z,2026-09-27 07:45:41,Sunday,6,7,45,0,ok
2026-09-27T05:01:13Z,2026-09-27 08:01:13,Sunday,6,8,1,2,ok
2026-09-27T05:15:42Z,2026-09-27 08:15:42,Sunday,6,8,15,5,ok
2026-09-27T05:31:00Z,2026-09-27 08:31:00,Sunday,6,8,31,9,ok
2026-09-27T05:45:46Z,2026-09-27 08:45:46,Sunday,6,8,45,11,ok
2026-09-27T06:01:15Z,2026-09-27 09:01:15,Sunday,6,9,1,12,ok
2026-09-27T06:15:48Z,2026-09-27 09:15:48,Sunday,6,9,15,18,ok
2026-09-27T06:31:02Z,2026-09-27 09:31:02,Sunday,6,9,31,19,ok
2026-09-27T06:45:41Z,2026-09-27 09:45:41,Sunday,6,9,45,20,ok
2026-09-27T07:01:16Z,2026-09-27 10:01:16,Sunday,6,10,1,25,ok
2026-09-27T07:07:05Z,2026-09-27 10:07:05,Sunday,6,10,7,26,ok
2026-09-27T07:15:44Z,2026-09-27 10:15:44,Sunday,6,10,15,27,ok
2026-09-27T07:30:58Z,2026-09-27 10:30:58,Sunday,6,10,30,28,ok
2026-09-27T07:45:43Z,2026-09-27 10:45:43,Sunday,6,10,45,28,ok
2026-09-27T08:01:13Z,2026-09-27 11:01:13,Sunday,6,11,1,30,ok
2026-09-27T08:15:40Z,2026-09-27 11:15:40,Sunday,6,11,15,31,ok
2026-09-27T08:30:58Z,2026-09-27 11:30:58,Sunday,6,11,30,32,ok
2026-09-27T08:45:42Z,2026-09-27 11:45:42,Sunday,6,11,45,30,ok
2026-09-27T09:01:14Z,2026-09-27 12:01:14,Sunday,6,12,1,32,ok
2026-09-27T09:15:44Z,2026-09-27 12:15:44,Sunday,6,12,15,30,ok
2026-09-27T09:30:57Z,2026-09-27 12:30:57,Sunday,6,12,30,31,ok
2026-09-27T09:45:43Z,2026-09-27 12:45:43,Sunday,6,12,45,32,ok
2026-09-27T10:01:16Z,2026-09-27 13:01:16,Sunday,6,13,1,31,ok
2026-09-27T10:15:44Z,2026-09-27 13:15:44,Sunday,6,13,15,30,ok
2026-09-27T10:31:01Z,2026-09-27 13:31:01,Sunday,6,13,31,29,ok
2026-09-27T10:45:44Z,2026-09-27 13:45:44,Sunday,6,13,45,27,ok
2026-09-27T11:01:13Z,2026-09-27 14:01:13,Sunday,6,14,1,26,ok
2026-09-27T11:15:42Z,2026-09-27 14:15:42,Sunday,6,14,15,25,ok
2026-09-27T11:31:03Z,2026-09-27 14:31:03,Sunday,6,14,31,22,ok
2026-09-27T11:45:43Z,2026-09-27 14:45:43,Sunday,6,14,45,28,ok
2026-09-27T12:01:13Z,2026-09-27 15:01:13,Sunday,6,15,1,25,ok
2026-09-27T12:15:44Z,2026-09-27 15:15:44,Sunday,6,15,15,,http_error:URLError
2026-09-27T12:30:59Z,2026-09-27 15:30:59,Sunday,6,15,30,24,ok
2026-09-27T12:45:40Z,2026-09-27 15:45:40,Sunday,6,15,45,25,ok
2026-09-27T13:01:17Z,2026-09-27 16:01:17,Sunday,6,16,1,21,ok
2026-09-27T13:05:30Z,2026-09-27 16:05:30,Sunday,6,16,5,20,ok
2026-09-27T13:15:43Z,2026-09-27 16:15:43,Sunday,6,16,15,26,ok
2026-09-27T13:31:01Z,2026-09-27 16:31:01,Sunday,6,16,31,26,ok
2026-09-27T13:45:40Z,2026-09-27 16:45:40,Sunday,6,16,45,25,ok
2026-09-27T14:01:17Z,2026-09-27 17:01:17,Sunday,6,17,1,20,ok
2026-09-27T14:15:43Z,2026-09-27 17:15:43,Sunday,6,17,15,27,ok
2026-09-27T14:31:01Z,2026-09-27 17:31:01,Sunday,6,17,31,30,ok
2026-09-27T14:45:45Z,2026-09-27 17:45:45,Sunday,6,17,45,30,ok
2026-09-27T15:01:18Z,2026-09-27 18:01:18,Sunday,6,18,1,35,ok
2026-09-27T15:15:43Z,2026-09-27 18:15:43,Sunday,6,18,15,36,ok
2026-09-27T15:31:01Z,2026-09-27 18:31:01,Sunday,6,18,31,36,ok
2026-09-27T15:45:43Z,2026-09-27 18:45:43,Sunday,6,18,45,33,ok
2026-09-27T16:01:14Z,2026-09-27 19:01:14,Sunday,6,19,1,31,ok
2026-09-27T16:15:40Z,2026-09-27 19:15:40,Sunday,6,19,15,29,ok
2026-09-27T16:30:59Z,2026-09-27 19:30:59,Sunday,6,19,30,27,ok
2026-09-27T16:45:42Z,2026-09-27 19:45:42,Sunday,6,19,45,25,ok
2026-09-27T17:01:12Z,2026-09-27 20:01:12,Sunday,6,20,1,23,ok
2026-09-27T17:15:41Z,2026-09-27 20:15:41,Sunday,6,20,15,20,ok
2026-09-27T17:31:02Z,2026-09-27 20:31:02,Sunday,6,20,31,17,ok
2026-09-27T17:46:16Z,2026-09-27 20:46:16,Sunday,6,20,46,12,ok
2026-09-27T17:47:16Z,2026-09-27 20:47:16,Sunday,6,20,47,12,ok
2026-09-27T18:01:13Z,2026-09-27 21:01:13,Sunday,6,21,1,0,ok
2026-09-27T18:15:42Z,2026-09-27 21:15:42,Sunday,6,21,15,0,ok
2026-09-27T18:31:01Z,2026-09-27 21:31:01,Sunday,6,21,31,0,ok
2026-09-27T18:45:41Z,2026-09-27 21:45:41,Sunday,6,21,45,0,ok
2026-09-27T19:01:12Z,2026-09-27 22:01:12,Sunday,6,22,1,0,ok
2026-09-27T19:15:41Z,2026-09-27 22:15:41,Sunday,6,22,15,0,ok
2026-09-27T19:31:00Z,2026-09-27 22:31:00,Sunday,6,22,31,0,ok
2026-09-27T19:45:41Z,2026-09-27 22:45:41,Sunday,6,22,45,0,ok
2026-09-27T20:01:09Z,2026-09-27 23:01:09,Sunday,6,23,1,0,ok
2026-09-27T20:15:44Z,2026-09-27 23:15:44,Sunday,6,23,15,,http_error:URLError
2026-09-27T20:27:42Z,2026-09-27 23:27:42,Sunday,6,23,27,0,ok
2026-09-27T20:31:00Z,2026-09-27 23:31:00,Sunday,6,23,31,0,ok
2026-09-27T20:45:44Z,2026-09-27 23:45:44,Sunday,6,23,45,0,ok
2026-09-27T21:01:11Z,2026-09-28 00:01:11,Monday,0,0,1,0,ok
2026-09-27T21:15:41Z,2026-09-28 00:15:41,Monday,0,0,15,0,ok
2026-09-27T21:30:59Z,2026-09-28 00:30:59,Monday,0,0,30,0,ok
2026-09-27T21:45:43Z,2026-09-28 00:45:43,Monday,0,0,45,0,ok
2026-09-27T22:01:16Z,2026-09-28 01:01:16,Monday,0,1,1,0,ok
2026-09-27T22:15:42Z,2026-09-28 01:15:42,Monday,0,1,15,0,ok
2026-09-27T22:30:59Z,2026-09-28 01:30:59,Monday,0,1,30,0,ok
2026-09-27T22:45:40Z,2026-09-28 01:45:40,Monday,0,1,45,0,ok
2026-09-27T23:01:10Z,2026-09-28 02:01:10,Monday,0,2,1,0,ok
2026-09-27T23:15:39Z,2026-09-28 02:15:39,Monday,0,2,15,0,ok
2026-09-27T23:19:44Z,2026-09-28 02:19:44,Monday,0,2,19,0,ok
2026-09-27T23:30:55Z,2026-09-28 02:30:55,Monday,0,2,30,0,ok
2026-09-27T23:45:41Z,2026-09-28 02:45:41,Monday,0,2,45,0,ok
2026-09-28T00:01:15Z,2026-09-28 03:01:15,Monday,0,3,1,0,ok
2026-09-28T00:16:48Z,2026-09-28 03:16:48,Monday,0,3,16,0,ok
2026-09-28T00:30:56Z,2026-09-28 03:30:56,Monday,0,3,30,0,ok
2026-09-28T00:45:43Z,2026-09-28 03:45:43,Monday,0,3,45,0,ok
2026-09-28T01:01:45Z,2026-09-28 04:01:45,Monday,0,4,1,0,ok
2026-09-28T01:15:41Z,2026-09-28 04:15:41,Monday,0,4,15,0,ok
2026-09-28T01:31:02Z,2026-09-28 04:31:02,Monday,0,4,31,0,ok
2026-09-28T01:45:40Z,2026-09-28 04:45:40,Monday,0,4,45,0,ok
2026-09-28T01:55:46Z,2026-09-28 04:55:46,Monday,0,4,55,0,ok
2026-09-28T02:01:11Z,2026-09-28 05:01:11,Monday,0,5,1,0,ok
2026-09-28T02:15:40Z,2026-09-28 05:15:40,Monday,0,5,15,0,ok
2026-09-28T02:31:04Z,2026-09-28 05:31:04,Monday,0,5,31,0,ok
2026-09-28T02:45:42Z,2026-09-28 05:45:42,Monday,0,5,45,0,ok
2026-09-28T03:01:11Z,2026-09-28 06:01:11,Monday,0,6,1,2,ok
2026-09-28T03:15:41Z,2026-09-28 06:15:41,Monday,0,6,15,9,ok
2026-09-28T03:30:57Z,2026-09-28 06:30:57,Monday,0,6,30,11,ok
2026-09-28T03:45:43Z,2026-09-28 06:45:43,Monday,0,6,45,13,ok
2026-09-28T04:01:09Z,2026-09-28 07:01:09,Monday,0,7,1,14,ok
2026-09-28T04:15:47Z,2026-09-28 07:15:47,Monday,0,7,15,14,ok
2026-09-28T04:30:59Z,2026-09-28 07:30:59,Monday,0,7,30,16,ok
2026-09-28T04:45:40Z,2026-09-28 07:45:40,Monday,0,7,45,15,ok
2026-09-28T05:01:12Z,2026-09-28 08:01:12,Monday,0,8,1,14,ok
2026-09-28T05:15:42Z,2026-09-28 08:15:42,Monday,0,8,15,15,ok
2026-09-28T05:30:58Z,2026-09-28 08:30:58,Monday,0,8,30,15,ok
2026-09-28T05:45:45Z,2026-09-28 08:45:45,Monday,0,8,45,14,ok
2026-09-28T06:01:14Z,2026-09-28 09:01:14,Monday,0,9,1,15,ok
2026-09-28T06:15:42Z,2026-09-28 09:15:42,Monday,0,9,15,,http_error:URLError
2026-09-28T06:31:00Z,2026-09-28 09:31:00,Monday,0,9,31,13,ok
2026-09-28T06:45:40Z,2026-09-28 09:45:40,Monday,0,9,45,13,ok
2026-09-28T07:01:16Z,2026-09-28 10:01:16,Monday,0,10,1,15,ok
2026-09-28T07:15:46Z,2026-09-28 10:15:46,Monday,0,10,15,15,ok
2026-09-28T07:31:00Z,2026-09-28 10:31:00,Monday,0,10,31,15,ok
2026-09-28T07:45:43Z,2026-09-28 10:45:43,Monday,0,10,45,15,ok
2026-09-28T08:01:16Z,2026-09-28 11:01:16,Monday,0,11,1,14,ok
2026-09-28T08:15:45Z,2026-09-28 11:15:45,Monday,0,11,15,14,ok
2026-09-28T08:30:59Z,2026-09-28 11:30:59,Monday,0,11,30,14,ok
2026-09-28T08:32:40Z,2026-09-28 11:32:40,Monday,0,11,32,14,ok
2026-09-28T08:45:45Z,2026-09-28 11:45:45,Monday,0,11,45,15,ok
2026-09-28T09:01:15Z,2026-09-28 12:01:15,Monday,0,12,1,17,ok
2026-09-28T09:15:43Z,2026-09-28 12:15:43,Monday,0,12,15,19,ok
2026-09-28T09:30:59Z,2026-09-28 12:30:59,Monday,0,12,30,18,ok
2026-09-28T09:45:44Z,2026-09-28 12:45:44,Monday,0,12,45,17,ok
2026-09-28T10:01:14Z,2026-09-28 13:01:14,Monday,0,13,1,16,ok
2026-09-28T10:15:46Z,2026-09-28 13:15:46,Monday,0,13,15,15,ok
2026-09-28T10:45:43Z,2026-09-28 13:45:43,Monday,0,13,45,16,ok
2026-09-28T11:01:14Z,2026-09-28 14:01:14,Monday,0,14,1,15,ok
2026-09-28T11:15:43Z,2026-09-28 14:15:43,Monday,0,14,15,16,ok
2026-09-28T11:31:04Z,2026-09-28 14:31:04,Monday,0,14,31,17,ok
2026-09-28T11:45:44Z,2026-09-28 14:45:44,Monday,0,14,45,18,ok
2026-09-28T12:01:19Z,2026-09-28 15:01:19,Monday,0,15,1,26,ok
2026-09-28T12:15:45Z,2026-09-28 15:15:45,Monday,0,15,15,32,ok
2026-09-28T12:31:00Z,2026-09-28 15:31:00,Monday,0,15,31,33,ok
2026-09-28T12:45:43Z,2026-09-28 15:45:43,Monday,0,15,45,35,ok
2026-09-28T13:01:21Z,2026-09-28 16:01:21,Monday,0,16,1,43,ok
2026-09-28T13:15:47Z,2026-09-28 16:15:47,Monday,0,16,15,46,ok
2026-09-28T13:31:03Z,2026-09-28 16:31:03,Monday,0,16,31,,http_error:URLError
2026-09-28T13:45:48Z,2026-09-28 16:45:48,Monday,0,16,45,49,ok
2026-09-28T14:01:18Z,2026-09-28 17:01:18,Monday,0,17,1,51,ok
2026-09-28T14:15:46Z,2026-09-28 17:15:46,Monday,0,17,15,49,ok
2026-09-28T14:31:02Z,2026-09-28 17:31:02,Monday,0,17,31,51,ok
2026-09-28T14:45:42Z,2026-09-28 17:45:42,Monday,0,17,45,57,ok
2026-09-28T15:01:24Z,2026-09-28 18:01:24,Monday,0,18,1,55,ok
2026-09-28T15:15:45Z,2026-09-28 18:15:45,Monday,0,18,15,53,ok
2026-09-28T15:31:05Z,2026-09-28 18:31:05,Monday,0,18,31,61,ok
2026-09-28T15:45:45Z,2026-09-28 18:45:45,Monday,0,18,45,60,ok
2026-09-28T16:01:20Z,2026-09-28 19:01:20,Monday,0,19,1,60,ok
2026-09-28T16:15:44Z,2026-09-28 19:15:44,Monday,0,19,15,59,ok
2026-09-28T16:31:00Z,2026-09-28 19:31:00,Monday,0,19,31,54,ok
2026-09-28T16:45:42Z,2026-09-28 19:45:42,Monday,0,19,45,48,ok
2026-09-28T16:58:48Z,2026-09-28 19:58:48,Monday,0,19,58,45,ok
2026-09-28T17:01:13Z,2026-09-28 20:01:13,Monday,0,20,1,44,ok
2026-09-28T17:16:19Z,2026-09-28 20:16:19,Monday,0,20,16,38,ok
2026-09-28T17:31:04Z,2026-09-28 20:31:04,Monday,0,20,31,32,ok
2026-09-28T17:45:41Z,2026-09-28 20:45:41,Monday,0,20,45,27,ok
2026-09-28T18:01:14Z,2026-09-28 21:01:14,Monday,0,21,1,24,ok
2026-09-28T18:15:43Z,2026-09-28 21:15:43,Monday,0,21,15,20,ok
2026-09-28T18:31:08Z,2026-09-28 21:31:08,Monday,0,21,31,14,ok
2026-09-28T18:45:46Z,2026-09-28 21:45:46,Monday,0,21,45,10,ok
2026-09-28T19:01:15Z,2026-09-28 22:01:15,Monday,0,22,1,0,ok
2026-09-28T19:15:45Z,2026-09-28 22:15:45,Monday,0,22,15,0,ok
2026-09-28T19:31:03Z,2026-09-28 22:31:03,Monday,0,22,31,0,ok
2026-09-28T19:45:45Z,2026-09-28 22:45:45,Monday,0,22,45,0,ok
2026-09-28T20:01:19Z,2026-09-28 23:01:19,Monday,0,23,1,0,ok
2026-09-28T20:15:46Z,2026-09-28 23:15:46,Monday,0,23,15,0,ok
2026-09-28T20:31:01Z,2026-09-28 23:31:01,Monday,0,23,31,0,ok
2026-09-28T20:45:42Z,2026-09-28 23:45:42,Monday,0,23,45,0,ok
2026-09-28T21:01:17Z,2026-09-29 00:01:17,Tuesday,1,0,1,0,ok
2026-09-28T21:15:42Z,2026-09-29 00:15:42,Tuesday,1,0,15,0,ok
2026-09-28T21:31:00Z,2026-09-29 00:31:00,Tuesday,1,0,31,0,ok
2026-09-28T21:45:40Z,2026-09-29 00:45:40,Tuesday,1,0,45,0,ok
2026-09-28T22:01:14Z,2026-09-29 01:01:14,Tuesday,1,1,1,0,ok
2026-09-28T22:15:42Z,2026-09-29 01:15:42,Tuesday,1,1,15,0,ok
2026-09-28T22:29:22Z,2026-09-29 01:29:22,Tuesday,1,1,29,0,ok
2026-09-28T22:31:07Z,2026-09-29 01:31:07,Tuesday,1,1,31,0,ok
2026-09-28T22:45:43Z,2026-09-29 01:45:43,Tuesday,1,1,45,0,ok
2026-09-28T23:01:11Z,2026-09-29 02:01:11,Tuesday,1,2,1,0,ok
2026-09-28T23:15:39Z,2026-09-29 02:15:39,Tuesday,1,2,15,0,ok
2026-09-28T23:30:56Z,2026-09-29 02:30:56,Tuesday,1,2,30,0,ok
2026-09-28T23:45:42Z,2026-09-29 02:45:42,Tuesday,1,2,45,0,ok
2026-09-29T00:01:14Z,2026-09-29 03:01:14,Tuesday,1,3,1,0,ok
2026-09-29T00:15:46Z,2026-09-29 03:15:46,Tuesday,1,3,15,0,ok
2026-09-29T00:30:57Z,2026-09-29 03:30:57,Tuesday,1,3,30,0,ok
2026-09-29T00:45:41Z,2026-09-29 03:45:41,Tuesday,1,3,45,0,ok
2026-09-29T01:01:15Z,2026-09-29 04:01:15,Tuesday,1,4,1,0,ok
2026-09-29T01:15:42Z,2026-09-29 04:15:42,Tuesday,1,4,15,0,ok
2026-09-29T01:31:01Z,2026-09-29 04:31:01,Tuesday,1,4,31,0,ok
2026-09-29T01:45:42Z,2026-09-29 04:45:42,Tuesday,1,4,45,0,ok
2026-09-29T02:01:13Z,2026-09-29 05:01:13,Tuesday,1,5,1,0,ok
2026-09-29T02:14:21Z,2026-09-29 05:14:21,Tuesday,1,5,14,0,ok
2026-09-29T02:15:42Z,2026-09-29 05:15:42,Tuesday,1,5,15,0,ok
2026-09-29T02:31:07Z,2026-09-29 05:31:07,Tuesday,1,5,31,0,ok
2026-09-29T02:45:40Z,2026-09-29 05:45:40,Tuesday,1,5,45,0,ok
2026-09-29T03:01:11Z,2026-09-29 06:01:11,Tuesday,1,6,1,2,ok
2026-09-29T03:15:42Z,2026-09-29 06:15:42,Tuesday,1,6,15,9,ok
2026-09-29T03:30:59Z,2026-09-29 06:30:59,Tuesday,1,6,30,11,ok
2026-09-29T03:45:40Z,2026-09-29 06:45:40,Tuesday,1,6,45,12,ok
2026-09-29T04:01:09Z,2026-09-29 07:01:09,Tuesday,1,7,1,12,ok
2026-09-29T04:15:42Z,2026-09-29 07:15:42,Tuesday,1,7,15,14,ok
2026-09-29T04:31:02Z,2026-09-29 07:31:02,Tuesday,1,7,31,16,ok
2026-09-29T04:45:41Z,2026-09-29 07:45:41,Tuesday,1,7,45,15,ok
2026-09-29T05:01:13Z,2026-09-29 08:01:13,Tuesday,1,8,1,15,ok
2026-09-29T05:15:43Z,2026-09-29 08:15:43,Tuesday,1,8,15,16,ok
2026-09-29T05:30:59Z,2026-09-29 08:30:59,Tuesday,1,8,30,15,ok
2026-09-29T05:45:43Z,2026-09-29 08:45:43,Tuesday,1,8,45,18,ok
2026-09-29T06:01:19Z,2026-09-29 09:01:19,Tuesday,1,9,1,19,ok
2026-09-29T06:15:50Z,2026-09-29 09:15:50,Tuesday,1,9,15,19,ok
2026-09-29T06:31:05Z,2026-09-29 09:31:05,Tuesday,1,9,31,17,ok
2026-09-29T06:45:46Z,2026-09-29 09:45:46,Tuesday,1,9,45,17,ok
2026-09-29T07:01:17Z,2026-09-29 10:01:17,Tuesday,1,10,1,18,ok
2026-09-29T07:15:50Z,2026-09-29 10:15:50,Tuesday,1,10,15,14,ok
2026-09-29T07:31:02Z,2026-09-29 10:31:02,Tuesday,1,10,31,11,ok
2026-09-29T07:45:43Z,2026-09-29 10:45:43,Tuesday,1,10,45,11,ok
2026-09-29T08:15:44Z,2026-09-29 11:15:44,Tuesday,1,11,15,14,ok
2026-09-29T08:31:08Z,2026-09-29 11:31:08,Tuesday,1,11,31,13,ok
2026-09-29T08:38:03Z,2026-09-29 11:38:03,Tuesday,1,11,38,14,ok
2026-09-29T08:45:44Z,2026-09-29 11:45:44,Tuesday,1,11,45,14,ok
2026-09-29T09:01:14Z,2026-09-29 12:01:14,Tuesday,1,12,1,16,ok
2026-09-29T09:15:44Z,2026-09-29 12:15:44,Tuesday,1,12,15,15,ok
2026-09-29T09:30:58Z,2026-09-29 12:30:58,Tuesday,1,12,30,15,ok
2026-09-29T09:45:43Z,2026-09-29 12:45:43,Tuesday,1,12,45,15,ok
2026-09-29T10:01:16Z,2026-09-29 13:01:16,Tuesday,1,13,1,14,ok
2026-09-29T10:16:22Z,2026-09-29 13:16:22,Tuesday,1,13,16,13,ok
2026-09-29T10:31:04Z,2026-09-29 13:31:04,Tuesday,1,13,31,13,ok
2026-09-29T10:45:44Z,2026-09-29 13:45:44,Tuesday,1,13,45,12,ok
2026-09-29T11:01:15Z,2026-09-29 14:01:15,Tuesday,1,14,1,12,ok
2026-09-29T11:15:46Z,2026-09-29 14:15:46,Tuesday,1,14,15,11,ok
2026-09-29T11:31:00Z,2026-09-29 14:31:00,Tuesday,1,14,31,12,ok
2026-09-29T11:45:46Z,2026-09-29 14:45:46,Tuesday,1,14,45,14,ok
2026-09-29T12:01:21Z,2026-09-29 15:01:21,Tuesday,1,15,1,20,ok
2026-09-29T12:15:47Z,2026-09-29 15:15:47,Tuesday,1,15,15,27,ok
2026-09-29T12:31:05Z,2026-09-29 15:31:05,Tuesday,1,15,31,30,ok
2026-09-29T12:45:47Z,2026-09-29 15:45:47,Tuesday,1,15,45,35,ok
2026-09-29T13:01:24Z,2026-09-29 16:01:24,Tuesday,1,16,1,39,ok
2026-09-29T13:15:45Z,2026-09-29 16:15:45,Tuesday,1,16,15,39,ok
2026-09-29T13:31:04Z,2026-09-29 16:31:04,Tuesday,1,16,31,38,ok
2026-09-29T13:45:45Z,2026-09-29 16:45:45,Tuesday,1,16,45,48,ok
2026-09-29T14:01:18Z,2026-09-29 17:01:18,Tuesday,1,17,1,52,ok
2026-09-29T14:15:47Z,2026-09-29 17:15:47,Tuesday,1,17,15,53,ok
2026-09-29T14:31:06Z,2026-09-29 17:31:06,Tuesday,1,17,31,53,ok
2026-09-29T14:45:42Z,2026-09-29 17:45:42,Tuesday,1,17,45,54,ok
2026-09-29T15:01:18Z,2026-09-29 18:01:18,Tuesday,1,18,1,55,ok
2026-09-29T15:07:17Z,2026-09-29 18:07:17,Tuesday,1,18,7,54,ok
2026-09-29T15:15:45Z,2026-09-29 18:15:45,Tuesday,1,18,15,52,ok
2026-09-29T15:31:09Z,2026-09-29 18:31:09,Tuesday,1,18,31,56,ok
2026-09-29T15:45:45Z,2026-09-29 18:45:45,Tuesday,1,18,45,54,ok
2026-09-29T16:01:18Z,2026-09-29 19:01:18,Tuesday,1,19,1,53,ok
2026-09-29T16:15:45Z,2026-09-29 19:15:45,Tuesday,1,19,15,49,ok
2026-09-29T16:31:04Z,2026-09-29 19:31:04,Tuesday,1,19,31,42,ok
2026-09-29T16:45:46Z,2026-09-29 19:45:46,Tuesday,1,19,45,38,ok
2026-09-29T17:01:17Z,2026-09-29 20:01:17,Tuesday,1,20,1,34,ok
2026-09-29T17:15:42Z,2026-09-29 20:15:42,Tuesday,1,20,15,29,ok
2026-09-29T17:31:04Z,2026-09-29 20:31:04,Tuesday,1,20,31,25,ok
2026-09-29T17:46:19Z,2026-09-29 20:46:19,Tuesday,1,20,46,22,ok
2026-09-29T18:01:20Z,2026-09-29 21:01:20,Tuesday,1,21,1,19,ok
2026-09-29T18:15:46Z,2026-09-29 21:15:46,Tuesday,1,21,15,16,ok
2026-09-29T18:31:05Z,2026-09-29 21:31:05,Tuesday,1,21,31,14,ok
2026-09-29T18:45:42Z,2026-09-29 21:45:42,Tuesday,1,21,45,12,ok
2026-09-29T19:01:17Z,2026-09-29 22:01:17,Tuesday,1,22,1,0,ok
2026-09-29T19:15:45Z,2026-09-29 22:15:45,Tuesday,1,22,15,0,ok
2026-09-29T19:31:04Z,2026-09-29 22:31:04,Tuesday,1,22,31,0,ok
2026-09-29T19:45:43Z,2026-09-29 22:45:43,Tuesday,1,22,45,0,ok
2026-09-29T20:00:47Z,2026-09-29 23:00:47,Tuesday,1,23,0,0,ok
2026-09-29T20:01:16Z,2026-09-29 23:01:16,Tuesday,1,23,1,0,ok
2026-09-29T20:15:42Z,2026-09-29 23:15:42,Tuesday,1,23,15,0,ok
2026-09-29T20:31:02Z,2026-09-29 23:31:02,Tuesday,1,23,31,0,ok
2026-09-29T20:45:42Z,2026-09-29 23:45:42,Tuesday,1,23,45,0,ok
2026-09-29T21:01:21Z,2026-09-30 00:01:21,Wednesday,2,0,1,0,ok
2026-09-29T21:15:45Z,2026-09-30 00:15:45,Wednesday,2,0,15,0,ok
2026-09-29T21:31:02Z,2026-09-30 00:31:02,Wednesday,2,0,31,0,ok
2026-09-29T21:45:45Z,2026-09-30 00:45:45,Wednesday,2,0,45,0,ok
2026-09-29T22:01:19Z,2026-09-30 01:01:19,Wednesday,2,1,1,0,ok
2026-09-29T22:15:46Z,2026-09-30 01:15:46,Wednesday,2,1,15,0,ok
2026-09-29T22:31:00Z,2026-09-30 01:31:00,Wednesday,2,1,31,0,ok
2026-09-29T22:45:41Z,2026-09-30 01:45:41,Wednesday,2,1,45,0,ok
2026-09-29T23:01:13Z,2026-09-30 02:01:13,Wednesday,2,2,1,0,ok
2026-09-29T23:15:41Z,2026-09-30 02:15:41,Wednesday,2,2,15,0,ok
2026-09-29T23:30:57Z,2026-09-30 02:30:57,Wednesday,2,2,30,0,ok
2026-09-29T23:38:18Z,2026-09-30 02:38:18,Wednesday,2,2,38,0,ok
2026-09-29T23:45:43Z,2026-09-30 02:45:43,Wednesday,2,2,45,0,ok
2026-09-30T00:01:17Z,2026-09-30 03:01:17,Wednesday,2,3,1,0,ok
2026-09-30T00:15:40Z,2026-09-30 03:15:40,Wednesday,2,3,15,0,ok
2026-09-30T00:31:00Z,2026-09-30 03:31:00,Wednesday,2,3,31,0,ok
2026-09-30T00:46:17Z,2026-09-30 03:46:17,Wednesday,2,3,46,,http_error:URLError
2026-09-30T01:01:14Z,2026-09-30 04:01:14,Wednesday,2,4,1,0,ok
2026-09-30T01:15:41Z,2026-09-30 04:15:41,Wednesday,2,4,15,0,ok
2026-09-30T01:31:02Z,2026-09-30 04:31:02,Wednesday,2,4,31,0,ok
2026-09-30T01:45:47Z,2026-09-30 04:45:47,Wednesday,2,4,45,0,ok
2026-09-30T02:01:16Z,2026-09-30 05:01:16,Wednesday,2,5,1,0,ok
2026-09-30T02:15:43Z,2026-09-30 05:15:43,Wednesday,2,5,15,0,ok
2026-09-30T02:26:23Z,2026-09-30 05:26:23,Wednesday,2,5,26,0,ok
2026-09-30T02:31:00Z,2026-09-30 05:31:00,Wednesday,2,5,31,0,ok
2026-09-30T02:45:42Z,2026-09-30 05:45:42,Wednesday,2,5,45,0,ok
2026-09-30T03:01:15Z,2026-09-30 06:01:15,Wednesday,2,6,1,3,ok
2026-09-30T03:15:44Z,2026-09-30 06:15:44,Wednesday,2,6,15,8,ok
2026-09-30T03:30:57Z,2026-09-30 06:30:57,Wednesday,2,6,30,9,ok
2026-09-30T03:45:42Z,2026-09-30 06:45:42,Wednesday,2,6,45,10,ok
2026-09-30T04:01:13Z,2026-09-30 07:01:13,Wednesday,2,7,1,10,ok
2026-09-30T04:15:44Z,2026-09-30 07:15:44,Wednesday,2,7,15,10,ok
2026-09-30T04:31:06Z,2026-09-30 07:31:06,Wednesday,2,7,31,10,ok
2026-09-30T04:45:43Z,2026-09-30 07:45:43,Wednesday,2,7,45,11,ok
2026-09-30T05:01:15Z,2026-09-30 08:01:15,Wednesday,2,8,1,10,ok
2026-09-30T05:15:45Z,2026-09-30 08:15:45,Wednesday,2,8,15,9,ok
2026-09-30T05:31:01Z,2026-09-30 08:31:01,Wednesday,2,8,31,10,ok
2026-09-30T05:45:45Z,2026-09-30 08:45:45,Wednesday,2,8,45,11,ok
2026-09-30T06:01:20Z,2026-09-30 09:01:20,Wednesday,2,9,1,13,ok
2026-09-30T06:15:46Z,2026-09-30 09:15:46,Wednesday,2,9,15,11,ok
2026-09-30T06:31:10Z,2026-09-30 09:31:10,Wednesday,2,9,31,10,ok
2026-09-30T06:45:44Z,2026-09-30 09:45:44,Wednesday,2,9,45,10,ok
2026-09-30T07:01:14Z,2026-09-30 10:01:14,Wednesday,2,10,1,,http_error:URLError
2026-09-30T07:15:51Z,2026-09-30 10:15:51,Wednesday,2,10,15,12,ok
2026-09-30T07:31:05Z,2026-09-30 10:31:05,Wednesday,2,10,31,10,ok
2026-09-30T07:45:45Z,2026-09-30 10:45:45,Wednesday,2,10,45,11,ok
2026-09-30T08:01:23Z,2026-09-30 11:01:23,Wednesday,2,11,1,11,ok
2026-09-30T08:15:47Z,2026-09-30 11:15:47,Wednesday,2,11,15,12,ok
2026-09-30T08:31:05Z,2026-09-30 11:31:05,Wednesday,2,11,31,12,ok
2026-09-30T08:45:45Z,2026-09-30 11:45:45,Wednesday,2,11,45,14,ok
2026-09-30T08:55:29Z,2026-09-30 11:55:29,Wednesday,2,11,55,,http_error:URLError
2026-09-30T09:01:15Z,2026-09-30 12:01:15,Wednesday,2,12,1,14,ok
2026-09-30T09:15:43Z,2026-09-30 12:15:43,Wednesday,2,12,15,14,ok
2026-09-30T09:31:00Z,2026-09-30 12:31:00,Wednesday,2,12,31,16,ok
2026-09-30T09:46:17Z,2026-09-30 12:46:17,Wednesday,2,12,46,16,ok
2026-09-30T10:01:14Z,2026-09-30 13:01:14,Wednesday,2,13,1,14,ok
2026-09-30T10:15:44Z,2026-09-30 13:15:44,Wednesday,2,13,15,14,ok
2026-09-30T10:30:59Z,2026-09-30 13:30:59,Wednesday,2,13,30,15,ok
2026-09-30T10:45:43Z,2026-09-30 13:45:43,Wednesday,2,13,45,15,ok
2026-09-30T11:01:21Z,2026-09-30 14:01:21,Wednesday,2,14,1,14,ok
2026-09-30T11:15:47Z,2026-09-30 14:15:47,Wednesday,2,14,15,13,ok
2026-09-30T11:31:05Z,2026-09-30 14:31:05,Wednesday,2,14,31,13,ok
2026-09-30T11:45:45Z,2026-09-30 14:45:45,Wednesday,2,14,45,13,ok
2026-09-30T12:01:16Z,2026-09-30 15:01:16,Wednesday,2,15,1,21,ok
2026-09-30T12:15:47Z,2026-09-30 15:15:47,Wednesday,2,15,15,25,ok
2026-09-30T12:31:06Z,2026-09-30 15:31:06,Wednesday,2,15,31,27,ok
2026-09-30T12:45:45Z,2026-09-30 15:45:45,Wednesday,2,15,45,31,ok
2026-09-30T13:01:22Z,2026-09-30 16:01:22,Wednesday,2,16,1,37,ok
2026-09-30T13:17:37Z,2026-09-30 16:17:37,Wednesday,2,16,17,36,ok
2026-09-30T13:31:10Z,2026-09-30 16:31:10,Wednesday,2,16,31,37,ok
2026-09-30T13:45:49Z,2026-09-30 16:45:49,Wednesday,2,16,45,39,ok
2026-09-30T14:01:22Z,2026-09-30 17:01:22,Wednesday,2,17,1,42,ok
2026-09-30T14:15:46Z,2026-09-30 17:15:46,Wednesday,2,17,15,44,ok
2026-09-30T14:31:05Z,2026-09-30 17:31:05,Wednesday,2,17,31,46,ok
2026-09-30T14:45:49Z,2026-09-30 17:45:49,Wednesday,2,17,45,47,ok
2026-09-30T15:01:24Z,2026-09-30 18:01:24,Wednesday,2,18,1,47,ok
2026-09-30T15:15:47Z,2026-09-30 18:15:47,Wednesday,2,18,15,47,ok
2026-09-30T15:31:06Z,2026-09-30 18:31:06,Wednesday,2,18,31,52,ok
2026-09-30T15:45:45Z,2026-09-30 18:45:45,Wednesday,2,18,45,53,ok
2026-09-30T15:47:55Z,2026-09-30 18:47:55,Wednesday,2,18,47,54,ok
2026-09-30T16:01:18Z,2026-09-30 19:01:18,Wednesday,2,19,1,53,ok
2026-09-30T16:15:45Z,2026-09-30 19:15:45,Wednesday,2,19,15,48,ok
2026-09-30T16:31:03Z,2026-09-30 19:31:03,Wednesday,2,19,31,43,ok
2026-09-30T16:45:45Z,2026-09-30 19:45:45,Wednesday,2,19,45,37,ok
2026-09-30T17:01:18Z,2026-09-30 20:01:18,Wednesday,2,20,1,34,ok
2026-09-30T17:15:47Z,2026-09-30 20:15:47,Wednesday,2,20,15,33,ok
2026-09-30T17:31:07Z,2026-09-30 20:31:07,Wednesday,2,20,31,30,ok
2026-09-30T17:45:48Z,2026-09-30 20:45:48,Wednesday,2,20,45,26,ok
2026-09-30T18:01:18Z,2026-09-30 21:01:18,Wednesday,2,21,1,24,ok
2026-09-30T18:15:48Z,2026-09-30 21:15:48,Wednesday,2,21,15,21,ok
2026-09-30T18:31:06Z,2026-09-30 21:31:06,Wednesday,2,21,31,15,ok
2026-09-30T18:45:51Z,2026-09-30 21:45:51,Wednesday,2,21,45,8,ok
2026-09-30T19:01:15Z,2026-09-30 22:01:15,Wednesday,2,22,1,0,ok
2026-09-30T19:15:45Z,2026-09-30 22:15:45,Wednesday,2,22,15,0,ok
2026-09-30T19:31:13Z,2026-09-30 22:31:13,Wednesday,2,22,31,0,ok
2026-09-30T19:45:42Z,2026-09-30 22:45:42,Wednesday,2,22,45,0,ok
2026-09-30T20:01:10Z,2026-09-30 23:01:10,Wednesday,2,23,1,0,ok
2026-09-30T20:15:42Z,2026-09-30 23:15:42,Wednesday,2,23,15,,http_error:URLError
2026-09-30T20:20:26Z,2026-09-30 23:20:26,Wednesday,2,23,20,0,ok
2026-09-30T20:31:00Z,2026-09-30 23:31:00,Wednesday,2,23,31,0,ok
2026-09-30T20:45:42Z,2026-09-30 23:45:42,Wednesday,2,23,45,0,ok
2026-09-30T21:01:17Z,2026-10-01 00:01:17,Thursday,3,0,1,0,ok
2026-09-30T21:15:49Z,2026-10-01 00:15:49,Thursday,3,0,15,0,ok
2026-09-30T21:31:00Z,2026-10-01 00:31:00,Thursday,3,0,31,0,ok
2026-09-30T21:45:42Z,2026-10-01 00:45:42,Thursday,3,0,45,0,ok
2026-09-30T22:01:17Z,2026-10-01 01:01:17,Thursday,3,1,1,0,ok
2026-09-30T22:15:41Z,2026-10-01 01:15:41,Thursday,3,1,15,0,ok
2026-09-30T22:31:02Z,2026-10-01 01:31:02,Thursday,3,1,31,0,ok
2026-09-30T22:45:42Z,2026-10-01 01:45:42,Thursday,3,1,45,0,ok
2026-09-30T23:01:12Z,2026-10-01 02:01:12,Thursday,3,2,1,0,ok
2026-09-30T23:15:42Z,2026-10-01 02:15:42,Thursday,3,2,15,0,ok
2026-09-30T23:31:00Z,2026-10-01 02:31:00,Thursday,3,2,31,0,ok
2026-09-30T23:45:43Z,2026-10-01 02:45:43,Thursday,3,2,45,0,ok
2026-10-01T00:01:19Z,2026-10-01 03:01:19,Thursday,3,3,1,0,ok
2026-10-01T00:06:53Z,2026-10-01 03:06:53,Thursday,3,3,6,0,ok
2026-10-01T00:15:40Z,2026-10-01 03:15:40,Thursday,3,3,15,0,ok
2026-10-01T00:30:58Z,2026-10-01 03:30:58,Thursday,3,3,30,0,ok
2026-10-01T00:45:44Z,2026-10-01 03:45:44,Thursday,3,3,45,0,ok
2026-10-01T01:01:12Z,2026-10-01 04:01:12,Thursday,3,4,1,0,ok
2026-10-01T01:15:41Z,2026-10-01 04:15:41,Thursday,3,4,15,0,ok
2026-10-01T01:30:59Z,2026-10-01 04:30:59,Thursday,3,4,30,0,ok
2026-10-01T01:45:41Z,2026-10-01 04:45:41,Thursday,3,4,45,0,ok
2026-10-01T02:01:12Z,2026-10-01 05:01:12,Thursday,3,5,1,0,ok
2026-10-01T02:15:42Z,2026-10-01 05:15:42,Thursday,3,5,15,0,ok
2026-10-01T02:31:08Z,2026-10-01 05:31:08,Thursday,3,5,31,0,ok
2026-10-01T02:45:40Z,2026-10-01 05:45:40,Thursday,3,5,45,0,ok
2026-10-01T03:01:16Z,2026-10-01 06:01:16,Thursday,3,6,1,3,ok
2026-10-01T03:15:46Z,2026-10-01 06:15:46,Thursday,3,6,15,7,ok
2026-10-01T03:31:00Z,2026-10-01 06:31:00,Thursday,3,6,31,,http_error:URLError
2026-10-01T03:45:42Z,2026-10-01 06:45:42,Thursday,3,6,45,9,ok
2026-10-01T04:01:14Z,2026-10-01 07:01:14,Thursday,3,7,1,13,ok
2026-10-01T04:15:43Z,2026-10-01 07:15:43,Thursday,3,7,15,12,ok
2026-10-01T04:31:03Z,2026-10-01 07:31:03,Thursday,3,7,31,12,ok
2026-10-01T04:45:41Z,2026-10-01 07:45:41,Thursday,3,7,45,11,ok
2026-10-01T05:01:18Z,2026-10-01 08:01:18,Thursday,3,8,1,11,ok
2026-10-01T05:15:41Z,2026-10-01 08:15:41,Thursday,3,8,15,11,ok
2026-10-01T05:31:03Z,2026-10-01 08:31:03,Thursday,3,8,31,12,ok
2026-10-01T05:45:45Z,2026-10-01 08:45:45,Thursday,3,8,45,12,ok
2026-10-01T06:01:02Z,2026-10-01 09:01:02,Thursday,3,9,1,12,ok
2026-10-01T06:01:17Z,2026-10-01 09:01:17,Thursday,3,9,1,12,ok
2026-10-01T06:15:46Z,2026-10-01 09:15:46,Thursday,3,9,15,12,ok
2026-10-01T06:31:07Z,2026-10-01 09:31:07,Thursday,3,9,31,,http_error:URLError
2026-10-01T06:45:45Z,2026-10-01 09:45:45,Thursday,3,9,45,13,ok
2026-10-01T07:01:17Z,2026-10-01 10:01:17,Thursday,3,10,1,11,ok
2026-10-01T07:15:45Z,2026-10-01 10:15:45,Thursday,3,10,15,11,ok
2026-10-01T07:31:07Z,2026-10-01 10:31:07,Thursday,3,10,31,12,ok
2026-10-01T07:45:44Z,2026-10-01 10:45:44,Thursday,3,10,45,12,ok
2026-10-01T08:01:22Z,2026-10-01 11:01:22,Thursday,3,11,1,14,ok
2026-10-01T08:15:45Z,2026-10-01 11:15:45,Thursday,3,11,15,14,ok
2026-10-01T08:31:05Z,2026-10-01 11:31:05,Thursday,3,11,31,15,ok
2026-10-01T08:45:46Z,2026-10-01 11:45:46,Thursday,3,11,45,15,ok
2026-10-01T09:01:48Z,2026-10-01 12:01:48,Thursday,3,12,1,18,ok
2026-10-01T09:15:44Z,2026-10-01 12:15:44,Thursday,3,12,15,19,ok
2026-10-01T09:31:01Z,2026-10-01 12:31:01,Thursday,3,12,31,19,ok
2026-10-01T09:45:41Z,2026-10-01 12:45:41,Thursday,3,12,45,,http_error:URLError
2026-10-01T10:01:18Z,2026-10-01 13:01:18,Thursday,3,13,1,16,ok
2026-10-01T10:15:48Z,2026-10-01 13:15:48,Thursday,3,13,15,14,ok
2026-10-01T10:31:04Z,2026-10-01 13:31:04,Thursday,3,13,31,12,ok
2026-10-01T10:45:43Z,2026-10-01 13:45:43,Thursday,3,13,45,10,ok
2026-10-01T11:01:16Z,2026-10-01 14:01:16,Thursday,3,14,1,10,ok
2026-10-01T11:15:44Z,2026-10-01 14:15:44,Thursday,3,14,15,11,ok
2026-10-01T11:31:03Z,2026-10-01 14:31:03,Thursday,3,14,31,10,ok
2026-10-01T11:45:44Z,2026-10-01 14:45:44,Thursday,3,14,45,10,ok
2026-10-01T12:01:20Z,2026-10-01 15:01:20,Thursday,3,15,1,14,ok
2026-10-01T12:15:45Z,2026-10-01 15:15:45,Thursday,3,15,15,16,ok
2026-10-01T12:31:01Z,2026-10-01 15:31:01,Thursday,3,15,31,21,ok
2026-10-01T12:45:49Z,2026-10-01 15:45:49,Thursday,3,15,45,25,ok
2026-10-01T13:01:17Z,2026-10-01 16:01:17,Thursday,3,16,1,29,ok
2026-10-01T13:15:50Z,2026-10-01 16:15:50,Thursday,3,16,15,33,ok
2026-10-01T13:31:04Z,2026-10-01 16:31:04,Thursday,3,16,31,36,ok
2026-10-01T13:45:47Z,2026-10-01 16:45:47,Thursday,3,16,45,40,ok
2026-10-01T14:01:19Z,2026-10-01 17:01:19,Thursday,3,17,1,41,ok
2026-10-01T14:15:44Z,2026-10-01 17:15:44,Thursday,3,17,15,42,ok
2026-10-01T14:31:05Z,2026-10-01 17:31:05,Thursday,3,17,31,42,ok
2026-10-01T14:45:43Z,2026-10-01 17:45:43,Thursday,3,17,45,43,ok
2026-10-01T15:01:21Z,2026-10-01 18:01:21,Thursday,3,18,1,42,ok
2026-10-01T15:15:47Z,2026-10-01 18:15:47,Thursday,3,18,15,46,ok
2026-10-01T15:31:11Z,2026-10-01 18:31:11,Thursday,3,18,31,45,ok
2026-10-01T15:45:51Z,2026-10-01 18:45:51,Thursday,3,18,45,44,ok
2026-10-01T16:01:13Z,2026-10-01 19:01:13,Thursday,3,19,1,43,ok
2026-10-01T16:15:45Z,2026-10-01 19:15:45,Thursday,3,19,15,36,ok
2026-10-01T16:31:03Z,2026-10-01 19:31:03,Thursday,3,19,31,33,ok
2026-10-01T16:45:43Z,2026-10-01 19:45:43,Thursday,3,19,45,34,ok
2026-10-01T17:01:17Z,2026-10-01 20:01:17,Thursday,3,20,1,33,ok
2026-10-01T17:15:44Z,2026-10-01 20:15:44,Thursday,3,20,15,32,ok
2026-10-01T17:31:04Z,2026-10-01 20:31:04,Thursday,3,20,31,27,ok
2026-10-01T17:45:44Z,2026-10-01 20:45:44,Thursday,3,20,45,22,ok
2026-10-01T18:01:18Z,2026-10-01 21:01:18,Thursday,3,21,1,18,ok
2026-10-01T18:15:46Z,2026-10-01 21:15:46,Thursday,3,21,15,14,ok
2026-10-01T18:31:08Z,2026-10-01 21:31:08,Thursday,3,21,31,11,ok
2026-10-01T18:45:46Z,2026-10-01 21:45:46,Thursday,3,21,45,8,ok
2026-10-01T18:48:24Z,2026-10-01 21:48:24,Thursday,3,21,48,7,ok
2026-10-01T19:01:19Z,2026-10-01 22:01:19,Thursday,3,22,1,0,ok
2026-10-01T19:15:46Z,2026-10-01 22:15:46,Thursday,3,22,15,0,ok
2026-10-01T19:31:01Z,2026-10-01 22:31:01,Thursday,3,22,31,0,ok
2026-10-01T19:45:43Z,2026-10-01 22:45:43,Thursday,3,22,45,0,ok
2026-10-01T20:01:14Z,2026-10-01 23:01:14,Thursday,3,23,1,0,ok
2026-10-01T20:15:46Z,2026-10-01 23:15:46,Thursday,3,23,15,0,ok
2026-10-01T20:31:03Z,2026-10-01 23:31:03,Thursday,3,23,31,0,ok
2026-10-01T20:45:47Z,2026-10-01 23:45:47,Thursday,3,23,45,0,ok
2026-10-01T21:01:13Z,2026-10-02 00:01:13,Friday,4,0,1,0,ok
2026-10-01T21:15:42Z,2026-10-02 00:15:42,Friday,4,0,15,0,ok
2026-10-01T21:31:00Z,2026-10-02 00:31:00,Friday,4,0,31,0,ok
2026-10-01T21:45:42Z,2026-10-02 00:45:42,Friday,4,0,45,0,ok
2026-10-01T22:01:15Z,2026-10-02 01:01:15,Friday,4,1,1,0,ok
2026-10-01T22:15:41Z,2026-10-02 01:15:41,Friday,4,1,15,0,ok
2026-10-01T22:31:00Z,2026-10-02 01:31:00,Friday,4,1,31,0,ok
2026-10-01T22:45:44Z,2026-10-02 01:45:44,Friday,4,1,45,0,ok
2026-10-01T23:01:13Z,2026-10-02 02:01:13,Friday,4,2,1,0,ok
2026-10-01T23:03:42Z,2026-10-02 02:03:42,Friday,4,2,3,0,ok
2026-10-01T23:15:40Z,2026-10-02 02:15:40,Friday,4,2,15,0,ok
2026-10-01T23:31:00Z,2026-10-02 02:31:00,Friday,4,2,31,0,ok
2026-10-01T23:45:40Z,2026-10-02 02:45:40,Friday,4,2,45,0,ok
2026-10-02T00:01:17Z,2026-10-02 03:01:17,Friday,4,3,1,0,ok
2026-10-02T00:15:39Z,2026-10-02 03:15:39,Friday,4,3,15,0,ok
2026-10-02T00:32:10Z,2026-10-02 03:32:10,Friday,4,3,32,0,ok
2026-10-02T00:45:43Z,2026-10-02 03:45:43,Friday,4,3,45,0,ok
2026-10-02T01:01:12Z,2026-10-02 04:01:12,Friday,4,4,1,0,ok
2026-10-02T01:15:43Z,2026-10-02 04:15:43,Friday,4,4,15,0,ok
2026-10-02T01:31:01Z,2026-10-02 04:31:01,Friday,4,4,31,0,ok
2026-10-02T01:45:40Z,2026-10-02 04:45:40,Friday,4,4,45,0,ok
2026-10-02T02:01:15Z,2026-10-02 05:01:15,Friday,4,5,1,0,ok
2026-10-02T02:15:45Z,2026-10-02 05:15:45,Friday,4,5,15,0,ok
2026-10-02T02:18:07Z,2026-10-02 05:18:07,Friday,4,5,18,0,ok
2026-10-02T02:31:00Z,2026-10-02 05:31:00,Friday,4,5,31,0,ok
2026-10-02T02:45:40Z,2026-10-02 05:45:40,Friday,4,5,45,0,ok
2026-10-02T03:01:13Z,2026-10-02 06:01:13,Friday,4,6,1,3,ok
2026-10-02T03:15:42Z,2026-10-02 06:15:42,Friday,4,6,15,8,ok
2026-10-02T03:31:01Z,2026-10-02 06:31:01,Friday,4,6,31,10,ok
2026-10-02T03:45:43Z,2026-10-02 06:45:43,Friday,4,6,45,12,ok
2026-10-02T04:01:14Z,2026-10-02 07:01:14,Friday,4,7,1,,http_error:URLError
2026-10-02T04:15:41Z,2026-10-02 07:15:41,Friday,4,7,15,13,ok
2026-10-02T04:31:06Z,2026-10-02 07:31:06,Friday,4,7,31,12,ok
2026-10-02T04:45:44Z,2026-10-02 07:45:44,Friday,4,7,45,12,ok
2026-10-02T05:01:12Z,2026-10-02 08:01:12,Friday,4,8,1,10,ok
2026-10-02T05:15:41Z,2026-10-02 08:15:41,Friday,4,8,15,11,ok
2026-10-02T05:31:01Z,2026-10-02 08:31:01,Friday,4,8,31,12,ok
2026-10-02T05:45:42Z,2026-10-02 08:45:42,Friday,4,8,45,12,ok
2026-10-02T06:01:22Z,2026-10-02 09:01:22,Friday,4,9,1,14,ok
2026-10-02T06:15:47Z,2026-10-02 09:15:47,Friday,4,9,15,13,ok
2026-10-02T06:31:04Z,2026-10-02 09:31:04,Friday,4,9,31,13,ok
2026-10-02T06:45:45Z,2026-10-02 09:45:45,Friday,4,9,45,13,ok
2026-10-02T07:01:19Z,2026-10-02 10:01:19,Friday,4,10,1,12,ok
2026-10-02T07:15:44Z,2026-10-02 10:15:44,Friday,4,10,15,14,ok
2026-10-02T07:31:01Z,2026-10-02 10:31:01,Friday,4,10,31,13,ok
2026-10-02T07:45:47Z,2026-10-02 10:45:47,Friday,4,10,45,13,ok
2026-10-02T08:01:15Z,2026-10-02 11:01:15,Friday,4,11,1,13,ok
2026-10-02T08:15:44Z,2026-10-02 11:15:44,Friday,4,11,15,15,ok
2026-10-02T08:31:01Z,2026-10-02 11:31:01,Friday,4,11,31,15,ok
2026-10-02T08:45:44Z,2026-10-02 11:45:44,Friday,4,11,45,15,ok
2026-10-02T08:52:51Z,2026-10-02 11:52:51,Friday,4,11,52,17,ok
2026-10-02T09:01:15Z,2026-10-02 12:01:15,Friday,4,12,1,17,ok
2026-10-02T09:15:44Z,2026-10-02 12:15:44,Friday,4,12,15,,http_error:TimeoutError
2026-10-02T09:31:03Z,2026-10-02 12:31:03,Friday,4,12,31,18,ok
2026-10-02T09:45:43Z,2026-10-02 12:45:43,Friday,4,12,45,16,ok
2026-10-02T10:01:14Z,2026-10-02 13:01:14,Friday,4,13,1,15,ok
2026-10-02T10:15:50Z,2026-10-02 13:15:50,Friday,4,13,15,15,ok
2026-10-02T10:31:03Z,2026-10-02 13:31:03,Friday,4,13,31,15,ok
2026-10-02T10:45:45Z,2026-10-02 13:45:45,Friday,4,13,45,15,ok
2026-10-02T11:01:11Z,2026-10-02 14:01:11,Friday,4,14,1,,http_error:TimeoutError
2026-10-02T11:15:47Z,2026-10-02 14:15:47,Friday,4,14,15,,http_error:RemoteDisconnected
2026-10-02T11:31:05Z,2026-10-02 14:31:05,Friday,4,14,31,,http_error:TimeoutError
2026-10-02T11:45:47Z,2026-10-02 14:45:47,Friday,4,14,45,17,ok
2026-10-02T12:01:21Z,2026-10-02 15:01:21,Friday,4,15,1,22,ok
2026-10-02T12:15:43Z,2026-10-02 15:15:43,Friday,4,15,15,23,ok
2026-10-02T12:31:02Z,2026-10-02 15:31:02,Friday,4,15,31,25,ok
2026-10-02T12:45:45Z,2026-10-02 15:45:45,Friday,4,15,45,28,ok
2026-10-02T13:01:20Z,2026-10-02 16:01:20,Friday,4,16,1,31,ok
2026-10-02T13:15:45Z,2026-10-02 16:15:45,Friday,4,16,15,30,ok
2026-10-02T13:31:05Z,2026-10-02 16:31:05,Friday,4,16,31,31,ok
2026-10-02T13:45:45Z,2026-10-02 16:45:45,Friday,4,16,45,36,ok
2026-10-02T14:01:17Z,2026-10-02 17:01:17,Friday,4,17,1,42,ok
2026-10-02T14:15:43Z,2026-10-02 17:15:43,Friday,4,17,15,45,ok
2026-10-02T14:31:06Z,2026-10-02 17:31:06,Friday,4,17,31,48,ok
2026-10-02T14:45:44Z,2026-10-02 17:45:44,Friday,4,17,45,50,ok
2026-10-02T15:01:21Z,2026-10-02 18:01:21,Friday,4,18,1,46,ok
2026-10-02T15:15:47Z,2026-10-02 18:15:47,Friday,4,18,15,50,ok
2026-10-02T15:31:10Z,2026-10-02 18:31:10,Friday,4,18,31,53,ok
2026-10-02T15:39:14Z,2026-10-02 18:39:14,Friday,4,18,39,52,ok
2026-10-02T15:45:44Z,2026-10-02 18:45:44,Friday,4,18,45,52,ok
2026-10-02T16:01:17Z,2026-10-02 19:01:17,Friday,4,19,1,49,ok
2026-10-02T16:15:46Z,2026-10-02 19:15:46,Friday,4,19,15,47,ok
2026-10-02T16:31:02Z,2026-10-02 19:31:02,Friday,4,19,31,43,ok
2026-10-02T16:45:44Z,2026-10-02 19:45:44,Friday,4,19,45,39,ok
2026-10-02T17:01:17Z,2026-10-02 20:01:17,Friday,4,20,1,36,ok
2026-10-02T17:15:47Z,2026-10-02 20:15:47,Friday,4,20,15,32,ok
2026-10-02T17:31:03Z,2026-10-02 20:31:03,Friday,4,20,31,26,ok
2026-10-02T17:45:44Z,2026-10-02 20:45:44,Friday,4,20,45,23,ok
2026-10-02T18:01:20Z,2026-10-02 21:01:20,Friday,4,21,1,20,ok
2026-10-02T18:15:48Z,2026-10-02 21:15:48,Friday,4,21,15,17,ok
2026-10-02T18:31:05Z,2026-10-02 21:31:05,Friday,4,21,31,13,ok
2026-10-02T18:45:43Z,2026-10-02 21:45:43,Friday,4,21,45,10,ok
2026-10-02T19:01:17Z,2026-10-02 22:01:17,Friday,4,22,1,0,ok
2026-10-02T19:15:43Z,2026-10-02 22:15:43,Friday,4,22,15,0,ok
2026-10-02T19:31:04Z,2026-10-02 22:31:04,Friday,4,22,31,0,ok
2026-10-02T19:45:46Z,2026-10-02 22:45:46,Friday,4,22,45,0,ok
2026-10-02T20:01:16Z,2026-10-02 23:01:16,Friday,4,23,1,0,ok
2026-10-02T20:09:41Z,2026-10-02 23:09:41,Friday,4,23,9,0,ok
2026-10-02T20:15:44Z,2026-10-02 23:15:44,Friday,4,23,15,0,ok
2026-10-02T20:31:02Z,2026-10-02 23:31:02,Friday,4,23,31,0,ok
2026-10-02T20:45:42Z,2026-10-02 23:45:42,Friday,4,23,45,0,ok
2026-10-02T21:01:14Z,2026-10-03 00:01:14,Saturday,5,0,1,0,ok
2026-10-02T21:15:42Z,2026-10-03 00:15:42,Saturday,5,0,15,0,ok
2026-10-02T21:31:02Z,2026-10-03 00:31:02,Saturday,5,0,31,0,ok
2026-10-02T21:45:45Z,2026-10-03 00:45:45,Saturday,5,0,45,0,ok
2026-10-02T22:01:23Z,2026-10-03 01:01:23,Saturday,5,1,1,0,ok
2026-10-02T22:15:47Z,2026-10-03 01:15:47,Saturday,5,1,15,0,ok
2026-10-02T22:31:01Z,2026-10-03 01:31:01,Saturday,5,1,31,0,ok
2026-10-02T22:45:43Z,2026-10-03 01:45:43,Saturday,5,1,45,0,ok
2026-10-02T23:01:12Z,2026-10-03 02:01:12,Saturday,5,2,1,0,ok
2026-10-02T23:15:44Z,2026-10-03 02:15:44,Saturday,5,2,15,0,ok
2026-10-02T23:31:04Z,2026-10-03 02:31:04,Saturday,5,2,31,0,ok
2026-10-02T23:45:44Z,2026-10-03 02:45:44,Saturday,5,2,45,0,ok
2026-10-02T23:49:13Z,2026-10-03 02:49:13,Saturday,5,2,49,0,ok
2026-10-03T00:01:19Z,2026-10-03 03:01:19,Saturday,5,3,1,,http_error:URLError
2026-10-03T00:15:41Z,2026-10-03 03:15:41,Saturday,5,3,15,0,ok
2026-10-03T00:31:04Z,2026-10-03 03:31:04,Saturday,5,3,31,0,ok
2026-10-03T00:45:42Z,2026-10-03 03:45:42,Saturday,5,3,45,0,ok
2026-10-03T01:01:19Z,2026-10-03 04:01:19,Saturday,5,4,1,0,ok
2026-10-03T01:15:47Z,2026-10-03 04:15:47,Saturday,5,4,15,,http_error:URLError
2026-10-03T01:31:03Z,2026-10-03 04:31:03,Saturday,5,4,31,0,ok
2026-10-03T01:45:42Z,2026-10-03 04:45:42,Saturday,5,4,45,0,ok
2026-10-03T02:01:17Z,2026-10-03 05:01:17,Saturday,5,5,1,0,ok
2026-10-03T02:15:48Z,2026-10-03 05:15:48,Saturday,5,5,15,0,ok
2026-10-03T02:31:03Z,2026-10-03 05:31:03,Saturday,5,5,31,0,ok
2026-10-03T02:45:42Z,2026-10-03 05:45:42,Saturday,5,5,45,0,ok
2026-10-03T03:01:16Z,2026-10-03 06:01:16,Saturday,5,6,1,0,ok
2026-10-03T03:15:41Z,2026-10-03 06:15:41,Saturday,5,6,15,0,ok
2026-10-03T03:31:00Z,2026-10-03 06:31:00,Saturday,5,6,31,0,ok
2026-10-03T03:45:42Z,2026-10-03 06:45:42,Saturday,5,6,45,0,ok
2026-10-03T04:01:16Z,2026-10-03 07:01:16,Saturday,5,7,1,0,ok
2026-10-03T04:15:43Z,2026-10-03 07:15:43,Saturday,5,7,15,0,ok
2026-10-03T04:31:03Z,2026-10-03 07:31:03,Saturday,5,7,31,0,ok
2026-10-03T04:45:44Z,2026-10-03 07:45:44,Saturday,5,7,45,0,ok
2026-10-03T04:56:35Z,2026-10-03 07:56:35,Saturday,5,7,56,0,ok
2026-10-03T05:01:14Z,2026-10-03 08:01:14,Saturday,5,8,1,2,ok
2026-10-03T05:15:44Z,2026-10-03 08:15:44,Saturday,5,8,15,7,ok
2026-10-03T05:30:59Z,2026-10-03 08:30:59,Saturday,5,8,30,7,ok
2026-10-03T05:45:46Z,2026-10-03 08:45:46,Saturday,5,8,45,9,ok
2026-10-03T06:01:19Z,2026-10-03 09:01:19,Saturday,5,9,1,12,ok
2026-10-03T06:15:49Z,2026-10-03 09:15:49,Saturday,5,9,15,19,ok
2026-10-03T06:31:02Z,2026-10-03 09:31:02,Saturday,5,9,31,24,ok
2026-10-03T06:45:42Z,2026-10-03 09:45:42,Saturday,5,9,45,34,ok
2026-10-03T07:01:13Z,2026-10-03 10:01:13,Saturday,5,10,1,40,ok
2026-10-03T07:15:43Z,2026-10-03 10:15:43,Saturday,5,10,15,46,ok
2026-10-03T07:31:01Z,2026-10-03 10:31:01,Saturday,5,10,31,45,ok
2026-10-03T07:45:44Z,2026-10-03 10:45:44,Saturday,5,10,45,48,ok
2026-10-03T08:01:16Z,2026-10-03 11:01:16,Saturday,5,11,1,48,ok
2026-10-03T08:15:47Z,2026-10-03 11:15:47,Saturday,5,11,15,46,ok
2026-10-03T08:31:01Z,2026-10-03 11:31:01,Saturday,5,11,31,43,ok
2026-10-03T08:45:43Z,2026-10-03 11:45:43,Saturday,5,11,45,48,ok
2026-10-03T09:01:15Z,2026-10-03 12:01:15,Saturday,5,12,1,47,ok
2026-10-03T09:15:44Z,2026-10-03 12:15:44,Saturday,5,12,15,43,ok
2026-10-03T09:31:04Z,2026-10-03 12:31:04,Saturday,5,12,31,47,ok
2026-10-03T09:45:43Z,2026-10-03 12:45:43,Saturday,5,12,45,45,ok
2026-10-03T10:01:18Z,2026-10-03 13:01:18,Saturday,5,13,1,42,ok
2026-10-03T10:15:49Z,2026-10-03 13:15:49,Saturday,5,13,15,39,ok
2026-10-03T10:19:06Z,2026-10-03 13:19:06,Saturday,5,13,19,39,ok
2026-10-03T10:31:03Z,2026-10-03 13:31:03,Saturday,5,13,31,39,ok
2026-10-03T10:45:44Z,2026-10-03 13:45:44,Saturday,5,13,45,37,ok
2026-10-03T11:01:18Z,2026-10-03 14:01:18,Saturday,5,14,1,33,ok
2026-10-03T11:16:20Z,2026-10-03 14:16:20,Saturday,5,14,16,35,ok
2026-10-03T11:31:01Z,2026-10-03 14:31:01,Saturday,5,14,31,33,ok
2026-10-03T11:45:43Z,2026-10-03 14:45:43,Saturday,5,14,45,33,ok
2026-10-03T12:01:20Z,2026-10-03 15:01:20,Saturday,5,15,1,32,ok
2026-10-03T12:15:43Z,2026-10-03 15:15:43,Saturday,5,15,15,33,ok
2026-10-03T12:31:01Z,2026-10-03 15:31:01,Saturday,5,15,31,33,ok
2026-10-03T12:45:42Z,2026-10-03 15:45:42,Saturday,5,15,45,31,ok
2026-10-03T13:01:45Z,2026-10-03 16:01:45,Saturday,5,16,1,28,ok
2026-10-03T13:15:47Z,2026-10-03 16:15:47,Saturday,5,16,15,27,ok
2026-10-03T13:31:03Z,2026-10-03 16:31:03,Saturday,5,16,31,26,ok
2026-10-03T13:45:44Z,2026-10-03 16:45:44,Saturday,5,16,45,25,ok
2026-10-03T14:01:14Z,2026-10-03 17:01:14,Saturday,5,17,1,22,ok
2026-10-03T14:16:34Z,2026-10-03 17:16:34,Saturday,5,17,16,20,ok
2026-10-03T14:31:04Z,2026-10-03 17:31:04,Saturday,5,17,31,19,ok
2026-10-03T14:45:42Z,2026-10-03 17:45:42,Saturday,5,17,45,19,ok
2026-10-03T14:49:36Z,2026-10-03 17:49:36,Saturday,5,17,49,19,ok
2026-10-03T15:01:15Z,2026-10-03 18:01:15,Saturday,5,18,1,20,ok
2026-10-03T15:15:46Z,2026-10-03 18:15:46,Saturday,5,18,15,19,ok
2026-10-03T15:31:11Z,2026-10-03 18:31:11,Saturday,5,18,31,17,ok
2026-10-03T15:45:43Z,2026-10-03 18:45:43,Saturday,5,18,45,18,ok
2026-10-03T16:01:15Z,2026-10-03 19:01:15,Saturday,5,19,1,19,ok
2026-10-03T16:15:46Z,2026-10-03 19:15:46,Saturday,5,19,15,20,ok
2026-10-03T16:31:05Z,2026-10-03 19:31:05,Saturday,5,19,31,15,ok
2026-10-03T16:45:44Z,2026-10-03 19:45:44,Saturday,5,19,45,15,ok
2026-10-03T17:01:25Z,2026-10-03 20:01:25,Saturday,5,20,1,13,ok
2026-10-03T17:15:44Z,2026-10-03 20:15:44,Saturday,5,20,15,12,ok
2026-10-03T17:31:01Z,2026-10-03 20:31:01,Saturday,5,20,31,10,ok
2026-10-03T17:45:44Z,2026-10-03 20:45:44,Saturday,5,20,45,7,ok
2026-10-03T18:01:11Z,2026-10-03 21:01:11,Saturday,5,21,1,0,ok
2026-10-03T18:15:54Z,2026-10-03 21:15:54,Saturday,5,21,15,0,ok
2026-10-03T18:31:04Z,2026-10-03 21:31:04,Saturday,5,21,31,0,ok
2026-10-03T18:38:00Z,2026-10-03 21:38:00,Saturday,5,21,38,0,ok
2026-10-03T18:45:45Z,2026-10-03 21:45:45,Saturday,5,21,45,0,ok
2026-10-03T19:01:10Z,2026-10-03 22:01:10,Saturday,5,22,1,0,ok
2026-10-03T19:15:46Z,2026-10-03 22:15:46,Saturday,5,22,15,0,ok
2026-10-03T19:31:01Z,2026-10-03 22:31:01,Saturday,5,22,31,0,ok
2026-10-03T19:45:43Z,2026-10-03 22:45:43,Saturday,5,22,45,0,ok
2026-10-03T20:01:13Z,2026-10-03 23:01:13,Saturday,5,23,1,0,ok
2026-10-03T20:15:43Z,2026-10-03 23:15:43,Saturday,5,23,15,0,ok
2026-10-03T20:31:02Z,2026-10-03 23:31:02,Saturday,5,23,31,0,ok
2026-10-03T20:45:46Z,2026-10-03 23:45:46,Saturday,5,23,45,0,ok
2026-10-03T21:01:15Z,2026-10-04 00:01:15,Sunday,6,0,1,0,ok
2026-10-03T21:15:44Z,2026-10-04 00:15:44,Sunday,6,0,15,0,ok
2026-10-03T21:31:18Z,2026-10-04 00:31:18,Sunday,6,0,31,0,ok
2026-10-03T21:48:24Z,2026-10-04 00:48:24,Sunday,6,0,48,0,ok
2026-10-03T22:01:05Z,2026-10-04 01:01:05,Sunday,6,1,1,0,ok
2026-10-03T22:03:18Z,2026-10-04 01:03:18,Sunday,6,1,3,0,ok
2026-10-03T22:15:56Z,2026-10-04 01:15:56,Sunday,6,1,15,0,ok
2026-10-03T22:31:04Z,2026-10-04 01:31:04,Sunday,6,1,31,0,ok
2026-10-03T22:45:43Z,2026-10-04 01:45:43,Sunday,6,1,45,0,ok
2026-10-03T23:01:15Z,2026-10-04 02:01:15,Sunday,6,2,1,0,ok
2026-10-03T23:15:44Z,2026-10-04 02:15:44,Sunday,6,2,15,0,ok
2026-10-03T23:31:00Z,2026-10-04 02:31:00,Sunday,6,2,31,0,ok
2026-10-03T23:45:44Z,2026-10-04 02:45:44,Sunday,6,2,45,0,ok
2026-10-04T00:01:21Z,2026-10-04 03:01:21,Sunday,6,3,1,0,ok
2026-10-04T00:15:41Z,2026-10-04 03:15:41,Sunday,6,3,15,0,ok
2026-10-04T00:26:52Z,2026-10-04 03:26:52,Sunday,6,3,26,0,ok
2026-10-04T00:31:02Z,2026-10-04 03:31:02,Sunday,6,3,31,0,ok
2026-10-04T00:45:42Z,2026-10-04 03:45:42,Sunday,6,3,45,0,ok
2026-10-04T01:01:17Z,2026-10-04 04:01:17,Sunday,6,4,1,0,ok
2026-10-04T01:15:43Z,2026-10-04 04:15:43,Sunday,6,4,15,0,ok
2026-10-04T01:31:22Z,2026-10-04 04:31:22,Sunday,6,4,31,0,ok
2026-10-04T01:45:43Z,2026-10-04 04:45:43,Sunday,6,4,45,0,ok
2026-10-04T02:01:17Z,2026-10-04 05:01:17,Sunday,6,5,1,0,ok
2026-10-04T02:15:44Z,2026-10-04 05:15:44,Sunday,6,5,15,0,ok
2026-10-04T02:31:12Z,2026-10-04 05:31:12,Sunday,6,5,31,0,ok
2026-10-04T02:45:43Z,2026-10-04 05:45:43,Sunday,6,5,45,0,ok
2026-10-04T03:01:15Z,2026-10-04 06:01:15,Sunday,6,6,1,0,ok
2026-10-04T03:15:41Z,2026-10-04 06:15:41,Sunday,6,6,15,0,ok
2026-10-04T03:31:29Z,2026-10-04 06:31:29,Sunday,6,6,31,0,ok
2026-10-04T03:45:44Z,2026-10-04 06:45:44,Sunday,6,6,45,0,ok
2026-10-04T04:01:39Z,2026-10-04 07:01:39,Sunday,6,7,1,0,ok
2026-10-04T04:15:43Z,2026-10-04 07:15:43,Sunday,6,7,15,0,ok
2026-10-04T04:31:02Z,2026-10-04 07:31:02,Sunday,6,7,31,0,ok
2026-10-04T04:45:45Z,2026-10-04 07:45:45,Sunday,6,7,45,0,ok
2026-10-04T05:01:15Z,2026-10-04 08:01:15,Sunday,6,8,1,1,ok
2026-10-04T05:15:42Z,2026-10-04 08:15:42,Sunday,6,8,15,5,ok
2026-10-04T05:31:02Z,2026-10-04 08:31:02,Sunday,6,8,31,6,ok
2026-10-04T05:45:52Z,2026-10-04 08:45:52,Sunday,6,8,45,8,ok
2026-10-04T06:01:18Z,2026-10-04 09:01:18,Sunday,6,9,1,10,ok
2026-10-04T06:13:25Z,2026-10-04 09:13:25,Sunday,6,9,13,11,ok
2026-10-04T06:15:51Z,2026-10-04 09:15:51,Sunday,6,9,15,10,ok
2026-10-04T06:31:03Z,2026-10-04 09:31:03,Sunday,6,9,31,11,ok
2026-10-04T06:45:48Z,2026-10-04 09:45:48,Sunday,6,9,45,12,ok
2026-10-04T07:01:16Z,2026-10-04 10:01:16,Sunday,6,10,1,12,ok
2026-10-04T07:15:45Z,2026-10-04 10:15:45,Sunday,6,10,15,13,ok
2026-10-04T07:30:59Z,2026-10-04 10:30:59,Sunday,6,10,30,12,ok
2026-10-04T07:45:43Z,2026-10-04 10:45:43,Sunday,6,10,45,11,ok
2026-10-04T08:01:17Z,2026-10-04 11:01:17,Sunday,6,11,1,13,ok
2026-10-04T08:15:44Z,2026-10-04 11:15:44,Sunday,6,11,15,13,ok
2026-10-04T08:30:59Z,2026-10-04 11:30:59,Sunday,6,11,30,13,ok
2026-10-04T08:45:42Z,2026-10-04 11:45:42,Sunday,6,11,45,15,ok
2026-10-04T09:01:14Z,2026-10-04 12:01:14,Sunday,6,12,1,16,ok
2026-10-04T09:15:44Z,2026-10-04 12:15:44,Sunday,6,12,15,18,ok
2026-10-04T09:31:00Z,2026-10-04 12:31:00,Sunday,6,12,31,18,ok
2026-10-04T09:45:45Z,2026-10-04 12:45:45,Sunday,6,12,45,17,ok
2026-10-04T10:01:17Z,2026-10-04 13:01:17,Sunday,6,13,1,17,ok
2026-10-04T10:15:52Z,2026-10-04 13:15:52,Sunday,6,13,15,15,ok
2026-10-04T10:31:01Z,2026-10-04 13:31:01,Sunday,6,13,31,14,ok
2026-10-04T10:46:06Z,2026-10-04 13:46:06,Sunday,6,13,46,15,ok
2026-10-04T11:01:19Z,2026-10-04 14:01:19,Sunday,6,14,1,15,ok
2026-10-04T11:15:46Z,2026-10-04 14:15:46,Sunday,6,14,15,16,ok
2026-10-04T11:31:01Z,2026-10-04 14:31:01,Sunday,6,14,31,17,ok
2026-10-04T11:45:45Z,2026-10-04 14:45:45,Sunday,6,14,45,21,ok
2026-10-04T12:01:14Z,2026-10-04 15:01:14,Sunday,6,15,1,23,ok
2026-10-04T12:15:45Z,2026-10-04 15:15:45,Sunday,6,15,15,23,ok
2026-10-04T12:26:54Z,2026-10-04 15:26:54,Sunday,6,15,26,24,ok
2026-10-04T12:31:04Z,2026-10-04 15:31:04,Sunday,6,15,31,30,ok
2026-10-04T12:45:50Z,2026-10-04 15:45:50,Sunday,6,15,45,33,ok
2026-10-04T13:01:15Z,2026-10-04 16:01:15,Sunday,6,16,1,30,ok
2026-10-04T13:15:44Z,2026-10-04 16:15:44,Sunday,6,16,15,34,ok
2026-10-04T13:31:08Z,2026-10-04 16:31:08,Sunday,6,16,31,35,ok
2026-10-04T13:45:45Z,2026-10-04 16:45:45,Sunday,6,16,45,34,ok
2026-10-04T14:01:19Z,2026-10-04 17:01:19,Sunday,6,17,1,31,ok
2026-10-04T14:15:59Z,2026-10-04 17:15:59,Sunday,6,17,15,36,ok
2026-10-04T14:31:02Z,2026-10-04 17:31:02,Sunday,6,17,31,39,ok
2026-10-04T14:45:42Z,2026-10-04 17:45:42,Sunday,6,17,45,36,ok
2026-10-04T15:01:17Z,2026-10-04 18:01:17,Sunday,6,18,1,40,ok
2026-10-04T15:15:43Z,2026-10-04 18:15:43,Sunday,6,18,15,38,ok
2026-10-04T15:31:11Z,2026-10-04 18:31:11,Sunday,6,18,31,37,ok
2026-10-04T15:45:46Z,2026-10-04 18:45:46,Sunday,6,18,45,34,ok
2026-10-04T16:01:17Z,2026-10-04 19:01:17,Sunday,6,19,1,33,ok
2026-10-04T16:15:45Z,2026-10-04 19:15:45,Sunday,6,19,15,31,ok
2026-10-04T16:31:02Z,2026-10-04 19:31:02,Sunday,6,19,31,27,ok
2026-10-04T16:45:48Z,2026-10-04 19:45:48,Sunday,6,19,45,25,ok
2026-10-04T16:56:48Z,2026-10-04 19:56:48,Sunday,6,19,56,23,ok
2026-10-04T17:01:13Z,2026-10-04 20:01:13,Sunday,6,20,1,23,ok
2026-10-04T17:15:44Z,2026-10-04 20:15:44,Sunday,6,20,15,22,ok
2026-10-04T17:31:04Z,2026-10-04 20:31:04,Sunday,6,20,31,17,ok
2026-10-04T17:45:48Z,2026-10-04 20:45:48,Sunday,6,20,45,12,ok
2026-10-04T18:01:16Z,2026-10-04 21:01:16,Sunday,6,21,1,0,ok
2026-10-04T18:17:54Z,2026-10-04 21:17:54,Sunday,6,21,17,,http_error:URLError
2026-10-04T18:31:05Z,2026-10-04 21:31:05,Sunday,6,21,31,0,ok
2026-10-04T18:45:43Z,2026-10-04 21:45:43,Sunday,6,21,45,0,ok
2026-10-04T19:01:23Z,2026-10-04 22:01:23,Sunday,6,22,1,0,ok
2026-10-04T19:15:44Z,2026-10-04 22:15:44,Sunday,6,22,15,0,ok
2026-10-04T19:31:02Z,2026-10-04 22:31:02,Sunday,6,22,31,0,ok
2026-10-04T19:45:43Z,2026-10-04 22:45:43,Sunday,6,22,45,0,ok
2026-10-04T20:00:47Z,2026-10-04 23:00:47,Sunday,6,23,0,0,ok
2026-10-04T20:01:16Z,2026-10-04 23:01:16,Sunday,6,23,1,0,ok
2026-10-04T20:15:44Z,2026-10-04 23:15:44,Sunday,6,23,15,0,ok
2026-10-04T20:31:01Z,2026-10-04 23:31:01,Sunday,6,23,31,0,ok
2026-10-04T20:45:43Z,2026-10-04 23:45:43,Sunday,6,23,45,0,ok
2026-10-04T21:01:19Z,2026-10-05 00:01:19,Monday,0,0,1,0,ok
2026-10-04T21:15:44Z,2026-10-05 00:15:44,Monday,0,0,15,0,ok
2026-10-04T21:31:05Z,2026-10-05 00:31:05,Monday,0,0,31,0,ok
2026-10-04T21:45:44Z,2026-10-05 00:45:44,Monday,0,0,45,0,ok
2026-10-04T22:01:13Z,2026-10-05 01:01:13,Monday,0,1,1,0,ok
2026-10-04T22:15:43Z,2026-10-05 01:15:43,Monday,0,1,15,0,ok
2026-10-04T22:31:01Z,2026-10-05 01:31:01,Monday,0,1,31,0,ok
2026-10-04T22:45:42Z,2026-10-05 01:45:42,Monday,0,1,45,0,ok
2026-10-04T23:00:02Z,2026-10-05 02:00:02,Monday,0,2,0,0,ok
2026-10-04T23:01:12Z,2026-10-05 02:01:12,Monday,0,2,1,0,ok
2026-10-04T23:15:42Z,2026-10-05 02:15:42,Monday,0,2,15,0,ok
2026-10-04T23:31:00Z,2026-10-05 02:31:00,Monday,0,2,31,0,ok
2026-10-04T23:45:42Z,2026-10-05 02:45:42,Monday,0,2,45,0,ok
2026-10-05T00:01:16Z,2026-10-05 03:01:16,Monday,0,3,1,0,ok
2026-10-05T00:15:42Z,2026-10-05 03:15:42,Monday,0,3,15,0,ok
2026-10-05T00:30:59Z,2026-10-05 03:30:59,Monday,0,3,30,0,ok
2026-10-05T00:45:42Z,2026-10-05 03:45:42,Monday,0,3,45,0,ok
2026-10-05T01:01:14Z,2026-10-05 04:01:14,Monday,0,4,1,0,ok
2026-10-05T01:15:44Z,2026-10-05 04:15:44,Monday,0,4,15,0,ok
2026-10-05T01:31:00Z,2026-10-05 04:31:00,Monday,0,4,31,0,ok
2026-10-05T01:45:46Z,2026-10-05 04:45:46,Monday,0,4,45,0,ok
2026-10-05T01:49:02Z,2026-10-05 04:49:02,Monday,0,4,49,0,ok
2026-10-05T02:01:17Z,2026-10-05 05:01:17,Monday,0,5,1,0,ok
2026-10-05T02:15:45Z,2026-10-05 05:15:45,Monday,0,5,15,0,ok
2026-10-05T02:31:06Z,2026-10-05 05:31:06,Monday,0,5,31,0,ok
2026-10-05T02:45:44Z,2026-10-05 05:45:44,Monday,0,5,45,0,ok
2026-10-05T03:01:12Z,2026-10-05 06:01:12,Monday,0,6,1,2,ok
2026-10-05T03:15:42Z,2026-10-05 06:15:42,Monday,0,6,15,9,ok
2026-10-05T03:31:01Z,2026-10-05 06:31:01,Monday,0,6,31,12,ok
2026-10-05T03:45:43Z,2026-10-05 06:45:43,Monday,0,6,45,15,ok
2026-10-05T04:01:14Z,2026-10-05 07:01:14,Monday,0,7,1,15,ok
2026-10-05T04:15:44Z,2026-10-05 07:15:44,Monday,0,7,15,13,ok
2026-10-05T04:31:05Z,2026-10-05 07:31:05,Monday,0,7,31,14,ok
2026-10-05T04:45:42Z,2026-10-05 07:45:42,Monday,0,7,45,12,ok
2026-10-05T05:01:15Z,2026-10-05 08:01:15,Monday,0,8,1,9,ok
2026-10-05T05:15:41Z,2026-10-05 08:15:41,Monday,0,8,15,,http_error:URLError
2026-10-05T05:31:02Z,2026-10-05 08:31:02,Monday,0,8,31,11,ok
2026-10-05T05:45:45Z,2026-10-05 08:45:45,Monday,0,8,45,13,ok
2026-10-05T06:01:54Z,2026-10-05 09:01:54,Monday,0,9,1,14,ok
2026-10-05T06:15:44Z,2026-10-05 09:15:44,Monday,0,9,15,14,ok
2026-10-05T06:31:03Z,2026-10-05 09:31:03,Monday,0,9,31,13,ok
2026-10-05T06:45:43Z,2026-10-05 09:45:43,Monday,0,9,45,17,ok
2026-10-05T07:01:19Z,2026-10-05 10:01:19,Monday,0,10,1,16,ok
2026-10-05T07:15:44Z,2026-10-05 10:15:44,Monday,0,10,15,15,ok
2026-10-05T07:31:02Z,2026-10-05 10:31:02,Monday,0,10,31,15,ok
2026-10-05T07:46:19Z,2026-10-05 10:46:19,Monday,0,10,46,15,ok
2026-10-05T08:01:19Z,2026-10-05 11:01:19,Monday,0,11,1,15,ok
2026-10-05T08:15:46Z,2026-10-05 11:15:46,Monday,0,11,15,13,ok
2026-10-05T08:31:03Z,2026-10-05 11:31:03,Monday,0,11,31,14,ok
2026-10-05T08:45:45Z,2026-10-05 11:45:45,Monday,0,11,45,15,ok
2026-10-05T08:48:07Z,2026-10-05 11:48:07,Monday,0,11,48,16,ok
2026-10-05T09:01:26Z,2026-10-05 12:01:26,Monday,0,12,1,16,ok
2026-10-05T09:15:47Z,2026-10-05 12:15:47,Monday,0,12,15,15,ok
2026-10-05T09:31:02Z,2026-10-05 12:31:02,Monday,0,12,31,14,ok
2026-10-05T09:45:45Z,2026-10-05 12:45:45,Monday,0,12,45,15,ok
2026-10-05T10:01:17Z,2026-10-05 13:01:17,Monday,0,13,1,14,ok
2026-10-05T10:15:48Z,2026-10-05 13:15:48,Monday,0,13,15,14,ok
2026-10-05T10:31:03Z,2026-10-05 13:31:03,Monday,0,13,31,14,ok
2026-10-05T10:45:46Z,2026-10-05 13:45:46,Monday,0,13,45,15,ok
2026-10-05T11:01:17Z,2026-10-05 14:01:17,Monday,0,14,1,15,ok
2026-10-05T11:15:46Z,2026-10-05 14:15:46,Monday,0,14,15,15,ok
2026-10-05T11:31:06Z,2026-10-05 14:31:06,Monday,0,14,31,16,ok
2026-10-05T11:45:45Z,2026-10-05 14:45:45,Monday,0,14,45,16,ok
2026-10-05T12:01:16Z,2026-10-05 15:01:16,Monday,0,15,1,26,ok
2026-10-05T12:15:47Z,2026-10-05 15:15:47,Monday,0,15,15,31,ok
2026-10-05T12:32:15Z,2026-10-05 15:32:15,Monday,0,15,32,34,ok
2026-10-05T12:45:44Z,2026-10-05 15:45:44,Monday,0,15,45,37,ok
2026-10-05T13:01:57Z,2026-10-05 16:01:57,Monday,0,16,1,43,ok
2026-10-05T13:15:45Z,2026-10-05 16:15:45,Monday,0,16,15,44,ok
2026-10-05T13:31:05Z,2026-10-05 16:31:05,Monday,0,16,31,43,ok
2026-10-05T13:45:46Z,2026-10-05 16:45:46,Monday,0,16,45,49,ok
2026-10-05T14:01:23Z,2026-10-05 17:01:23,Monday,0,17,1,52,ok
2026-10-05T14:16:23Z,2026-10-05 17:16:23,Monday,0,17,16,51,ok
2026-10-05T14:31:06Z,2026-10-05 17:31:06,Monday,0,17,31,53,ok
2026-10-05T14:45:45Z,2026-10-05 17:45:45,Monday,0,17,45,58,ok
2026-10-05T15:01:19Z,2026-10-05 18:01:19,Monday,0,18,1,58,ok
2026-10-05T15:15:44Z,2026-10-05 18:15:44,Monday,0,18,15,56,ok
2026-10-05T15:31:11Z,2026-10-05 18:31:11,Monday,0,18,31,66,ok
2026-10-05T15:45:50Z,2026-10-05 18:45:50,Monday,0,18,45,68,ok
2026-10-05T16:01:15Z,2026-10-05 19:01:15,Monday,0,19,1,67,ok
2026-10-05T16:15:46Z,2026-10-05 19:15:46,Monday,0,19,15,70,ok
2026-10-05T16:31:03Z,2026-10-05 19:31:03,Monday,0,19,31,63,ok
2026-10-05T16:45:43Z,2026-10-05 19:45:43,Monday,0,19,45,57,ok
2026-10-05T17:01:17Z,2026-10-05 20:01:17,Monday,0,20,1,51,ok
2026-10-05T17:15:52Z,2026-10-05 20:15:52,Monday,0,20,15,46,ok
2026-10-05T17:27:17Z,2026-10-05 20:27:17,Monday,0,20,27,42,ok
2026-10-05T17:31:09Z,2026-10-05 20:31:09,Monday,0,20,31,38,ok
2026-10-05T17:45:45Z,2026-10-05 20:45:45,Monday,0,20,45,30,ok
2026-10-05T18:01:18Z,2026-10-05 21:01:18,Monday,0,21,1,27,ok
2026-10-05T18:15:48Z,2026-10-05 21:15:48,Monday,0,21,15,23,ok
2026-10-05T18:31:05Z,2026-10-05 21:31:05,Monday,0,21,31,20,ok
2026-10-05T18:45:49Z,2026-10-05 21:45:49,Monday,0,21,45,16,ok
2026-10-05T19:01:22Z,2026-10-05 22:01:22,Monday,0,22,1,0,ok
2026-10-05T19:16:01Z,2026-10-05 22:16:01,Monday,0,22,16,0,ok
2026-10-05T19:41:10Z,2026-10-05 22:41:10,Monday,0,22,41,0,ok
2026-10-05T19:51:28Z,2026-10-05 22:51:28,Monday,0,22,51,0,ok
2026-10-05T20:56:47Z,2026-10-05 23:56:47,Monday,0,23,56,0,ok
2026-10-05T21:11:37Z,2026-10-06 00:11:37,Tuesday,1,0,11,0,ok
2026-10-05T21:21:52Z,2026-10-06 00:21:52,Tuesday,1,0,21,0,ok
2026-10-05T21:31:05Z,2026-10-06 00:31:05,Tuesday,1,0,31,0,ok
2026-10-05T21:45:43Z,2026-10-06 00:45:43,Tuesday,1,0,45,0,ok
2026-10-05T22:01:18Z,2026-10-06 01:01:18,Tuesday,1,1,1,0,ok
2026-10-05T22:15:44Z,2026-10-06 01:15:44,Tuesday,1,1,15,0,ok
2026-10-05T22:31:01Z,2026-10-06 01:31:01,Tuesday,1,1,31,0,ok
2026-10-05T22:45:40Z,2026-10-06 01:45:40,Tuesday,1,1,45,0,ok
2026-10-05T23:01:17Z,2026-10-06 02:01:17,Tuesday,1,2,1,0,ok
2026-10-05T23:15:43Z,2026-10-06 02:15:43,Tuesday,1,2,15,0,ok
2026-10-05T23:18:47Z,2026-10-06 02:18:47,Tuesday,1,2,18,0,ok
2026-10-05T23:31:00Z,2026-10-06 02:31:00,Tuesday,1,2,31,0,ok
2026-10-05T23:45:44Z,2026-10-06 02:45:44,Tuesday,1,2,45,0,ok
2026-10-06T00:01:20Z,2026-10-06 03:01:20,Tuesday,1,3,1,0,ok
2026-10-06T00:15:44Z,2026-10-06 03:15:44,Tuesday,1,3,15,0,ok
2026-10-06T00:31:02Z,2026-10-06 03:31:02,Tuesday,1,3,31,0,ok
2026-10-06T00:45:46Z,2026-10-06 03:45:46,Tuesday,1,3,45,0,ok
2026-10-06T01:01:15Z,2026-10-06 04:01:15,Tuesday,1,4,1,0,ok
2026-10-06T01:15:45Z,2026-10-06 04:15:45,Tuesday,1,4,15,0,ok
2026-10-06T01:31:03Z,2026-10-06 04:31:03,Tuesday,1,4,31,0,ok
2026-10-06T01:45:44Z,2026-10-06 04:45:44,Tuesday,1,4,45,0,ok
2026-10-06T02:01:17Z,2026-10-06 05:01:17,Tuesday,1,5,1,0,ok
2026-10-06T02:15:43Z,2026-10-06 05:15:43,Tuesday,1,5,15,0,ok
2026-10-06T02:31:10Z,2026-10-06 05:31:10,Tuesday,1,5,31,0,ok
2026-10-06T02:45:42Z,2026-10-06 05:45:42,Tuesday,1,5,45,0,ok
2026-10-06T03:01:14Z,2026-10-06 06:01:14,Tuesday,1,6,1,2,ok
2026-10-06T03:15:41Z,2026-10-06 06:15:41,Tuesday,1,6,15,11,ok
2026-10-06T03:16:20Z,2026-10-06 06:16:20,Tuesday,1,6,16,11,ok
2026-10-06T03:30:59Z,2026-10-06 06:30:59,Tuesday,1,6,30,13,ok
2026-10-06T03:45:42Z,2026-10-06 06:45:42,Tuesday,1,6,45,15,ok
2026-10-06T04:01:14Z,2026-10-06 07:01:14,Tuesday,1,7,1,14,ok
2026-10-06T04:15:42Z,2026-10-06 07:15:42,Tuesday,1,7,15,13,ok
2026-10-06T04:31:03Z,2026-10-06 07:31:03,Tuesday,1,7,31,15,ok
2026-10-06T04:45:43Z,2026-10-06 07:45:43,Tuesday,1,7,45,13,ok
2026-10-06T05:01:20Z,2026-10-06 08:01:20,Tuesday,1,8,1,13,ok
2026-10-06T05:15:43Z,2026-10-06 08:15:43,Tuesday,1,8,15,15,ok
2026-10-06T05:31:02Z,2026-10-06 08:31:02,Tuesday,1,8,31,16,ok
2026-10-06T05:45:41Z,2026-10-06 08:45:41,Tuesday,1,8,45,15,ok
2026-10-06T06:01:17Z,2026-10-06 09:01:17,Tuesday,1,9,1,23,ok
2026-10-06T06:15:44Z,2026-10-06 09:15:44,Tuesday,1,9,15,22,ok
2026-10-06T06:31:06Z,2026-10-06 09:31:06,Tuesday,1,9,31,20,ok
2026-10-06T06:45:43Z,2026-10-06 09:45:43,Tuesday,1,9,45,20,ok
2026-10-06T07:01:20Z,2026-10-06 10:01:20,Tuesday,1,10,1,18,ok
2026-10-06T07:15:44Z,2026-10-06 10:15:44,Tuesday,1,10,15,16,ok
2026-10-06T07:31:13Z,2026-10-06 10:31:13,Tuesday,1,10,31,14,ok
2026-10-06T07:45:46Z,2026-10-06 10:45:46,Tuesday,1,10,45,16,ok
2026-10-06T08:01:18Z,2026-10-06 11:01:18,Tuesday,1,11,1,17,ok
2026-10-06T08:15:49Z,2026-10-06 11:15:49,Tuesday,1,11,15,18,ok
2026-10-06T08:31:04Z,2026-10-06 11:31:04,Tuesday,1,11,31,19,ok
2026-10-06T08:45:48Z,2026-10-06 11:45:48,Tuesday,1,11,45,20,ok
2026-10-06T09:01:17Z,2026-10-06 12:01:17,Tuesday,1,12,1,22,ok
2026-10-06T09:15:45Z,2026-10-06 12:15:45,Tuesday,1,12,15,22,ok
2026-10-06T09:31:02Z,2026-10-06 12:31:02,Tuesday,1,12,31,22,ok
2026-10-06T09:45:46Z,2026-10-06 12:45:46,Tuesday,1,12,45,20,ok
2026-10-06T10:01:20Z,2026-10-06 13:01:20,Tuesday,1,13,1,16,ok
2026-10-06T10:15:45Z,2026-10-06 13:15:45,Tuesday,1,13,15,15,ok
2026-10-06T10:30:43Z,2026-10-06 13:30:43,Tuesday,1,13,30,16,ok
2026-10-06T10:31:06Z,2026-10-06 13:31:06,Tuesday,1,13,31,15,ok
2026-10-06T10:45:50Z,2026-10-06 13:45:50,Tuesday,1,13,45,15,ok
2026-10-06T11:01:18Z,2026-10-06 14:01:18,Tuesday,1,14,1,14,ok
2026-10-06T11:15:48Z,2026-10-06 14:15:48,Tuesday,1,14,15,14,ok
2026-10-06T11:31:12Z,2026-10-06 14:31:12,Tuesday,1,14,31,15,ok
2026-10-06T11:46:24Z,2026-10-06 14:46:24,Tuesday,1,14,46,14,ok
2026-10-06T12:01:25Z,2026-10-06 15:01:25,Tuesday,1,15,1,20,ok
2026-10-06T12:15:50Z,2026-10-06 15:15:50,Tuesday,1,15,15,25,ok
2026-10-06T12:31:10Z,2026-10-06 15:31:10,Tuesday,1,15,31,27,ok
2026-10-06T12:45:47Z,2026-10-06 15:45:47,Tuesday,1,15,45,33,ok
2026-10-06T13:01:22Z,2026-10-06 16:01:22,Tuesday,1,16,1,38,ok
2026-10-06T13:15:47Z,2026-10-06 16:15:47,Tuesday,1,16,15,38,ok
2026-10-06T13:31:11Z,2026-10-06 16:31:11,Tuesday,1,16,31,39,ok
2026-10-06T13:45:49Z,2026-10-06 16:45:49,Tuesday,1,16,45,52,ok
2026-10-06T14:01:25Z,2026-10-06 17:01:25,Tuesday,1,17,1,51,ok
2026-10-06T14:15:50Z,2026-10-06 17:15:50,Tuesday,1,17,15,53,ok
2026-10-06T14:31:14Z,2026-10-06 17:31:14,Tuesday,1,17,31,53,ok
2026-10-06T14:45:51Z,2026-10-06 17:45:51,Tuesday,1,17,45,58,ok
2026-10-06T15:01:26Z,2026-10-06 18:01:26,Tuesday,1,18,1,57,ok
2026-10-06T15:15:47Z,2026-10-06 18:15:47,Tuesday,1,18,15,60,ok
2026-10-06T15:31:15Z,2026-10-06 18:31:15,Tuesday,1,18,31,63,ok
2026-10-06T15:45:50Z,2026-10-06 18:45:50,Tuesday,1,18,45,64,ok
2026-10-06T16:01:22Z,2026-10-06 19:01:22,Tuesday,1,19,1,65,ok
2026-10-06T16:15:51Z,2026-10-06 19:15:51,Tuesday,1,19,15,68,ok
2026-10-06T16:31:07Z,2026-10-06 19:31:07,Tuesday,1,19,31,58,ok
2026-10-06T16:45:48Z,2026-10-06 19:45:48,Tuesday,1,19,45,54,ok
2026-10-06T16:54:41Z,2026-10-06 19:54:41,Tuesday,1,19,54,53,ok
2026-10-06T17:01:24Z,2026-10-06 20:01:24,Tuesday,1,20,1,51,ok
2026-10-06T17:15:45Z,2026-10-06 20:15:45,Tuesday,1,20,15,44,ok
2026-10-06T17:31:13Z,2026-10-06 20:31:13,Tuesday,1,20,31,38,ok
2026-10-06T17:45:46Z,2026-10-06 20:45:46,Tuesday,1,20,45,,http_error:URLError
2026-10-06T18:01:25Z,2026-10-06 21:01:25,Tuesday,1,21,1,31,ok
2026-10-06T18:15:49Z,2026-10-06 21:15:49,Tuesday,1,21,15,25,ok
2026-10-06T18:31:19Z,2026-10-06 21:31:19,Tuesday,1,21,31,22,ok
2026-10-06T18:46:10Z,2026-10-06 21:46:10,Tuesday,1,21,46,16,ok
2026-10-06T19:01:21Z,2026-10-06 22:01:21,Tuesday,1,22,1,0,ok
2026-10-06T19:15:50Z,2026-10-06 22:15:50,Tuesday,1,22,15,0,ok
2026-10-06T19:31:42Z,2026-10-06 22:31:42,Tuesday,1,22,31,0,ok
2026-10-06T19:45:50Z,2026-10-06 22:45:50,Tuesday,1,22,45,0,ok
2026-10-06T20:01:20Z,2026-10-06 23:01:20,Tuesday,1,23,1,0,ok
2026-10-06T20:15:48Z,2026-10-06 23:15:48,Tuesday,1,23,15,0,ok
2026-10-06T20:31:09Z,2026-10-06 23:31:09,Tuesday,1,23,31,0,ok
2026-10-06T20:45:48Z,2026-10-06 23:45:48,Tuesday,1,23,45,0,ok
2026-10-06T21:01:20Z,2026-10-07 00:01:20,Wednesday,2,0,1,0,ok
2026-10-06T21:15:45Z,2026-10-07 00:15:45,Wednesday,2,0,15,,http_error:URLError
2026-10-06T21:31:07Z,2026-10-07 00:31:07,Wednesday,2,0,31,0,ok
2026-10-06T21:32:45Z,2026-10-07 00:32:45,Wednesday,2,0,32,0,ok
2026-10-06T21:45:47Z,2026-10-07 00:45:47,Wednesday,2,0,45,0,ok
2026-10-06T22:01:21Z,2026-10-07 01:01:21,Wednesday,2,1,1,0,ok
2026-10-06T22:15:50Z,2026-10-07 01:15:50,Wednesday,2,1,15,0,ok
2026-10-06T22:31:03Z,2026-10-07 01:31:03,Wednesday,2,1,31,0,ok
2026-10-06T22:45:46Z,2026-10-07 01:45:46,Wednesday,2,1,45,0,ok
2026-10-06T23:01:15Z,2026-10-07 02:01:15,Wednesday,2,2,1,0,ok
2026-10-06T23:15:43Z,2026-10-07 02:15:43,Wednesday,2,2,15,0,ok
2026-10-06T23:31:02Z,2026-10-07 02:31:02,Wednesday,2,2,31,0,ok
2026-10-06T23:45:45Z,2026-10-07 02:45:45,Wednesday,2,2,45,0,ok
2026-10-07T00:01:26Z,2026-10-07 03:01:26,Wednesday,2,3,1,0,ok
2026-10-07T00:15:46Z,2026-10-07 03:15:46,Wednesday,2,3,15,0,ok
2026-10-07T00:31:07Z,2026-10-07 03:31:07,Wednesday,2,3,31,0,ok
2026-10-07T00:45:47Z,2026-10-07 03:45:47,Wednesday,2,3,45,0,ok
2026-10-07T00:59:45Z,2026-10-07 03:59:45,Wednesday,2,3,59,0,ok
2026-10-07T01:01:21Z,2026-10-07 04:01:21,Wednesday,2,4,1,0,ok
2026-10-07T01:15:48Z,2026-10-07 04:15:48,Wednesday,2,4,15,0,ok
2026-10-07T01:31:04Z,2026-10-07 04:31:04,Wednesday,2,4,31,0,ok
2026-10-07T01:45:48Z,2026-10-07 04:45:48,Wednesday,2,4,45,0,ok
2026-10-07T02:01:24Z,2026-10-07 05:01:24,Wednesday,2,5,1,,http_error:URLError
2026-10-07T02:15:48Z,2026-10-07 05:15:48,Wednesday,2,5,15,0,ok
2026-10-07T02:31:06Z,2026-10-07 05:31:06,Wednesday,2,5,31,0,ok
2026-10-07T02:45:47Z,2026-10-07 05:45:47,Wednesday,2,5,45,0,ok
2026-10-07T03:01:19Z,2026-10-07 06:01:19,Wednesday,2,6,1,0,ok
2026-10-07T03:15:46Z,2026-10-07 06:15:46,Wednesday,2,6,15,11,ok
2026-10-07T03:31:01Z,2026-10-07 06:31:01,Wednesday,2,6,31,14,ok
2026-10-07T03:45:46Z,2026-10-07 06:45:46,Wednesday,2,6,45,16,ok
2026-10-07T04:01:17Z,2026-10-07 07:01:17,Wednesday,2,7,1,18,ok
2026-10-07T04:15:47Z,2026-10-07 07:15:47,Wednesday,2,7,15,17,ok
2026-10-07T04:31:09Z,2026-10-07 07:31:09,Wednesday,2,7,31,19,ok
2026-10-07T04:45:45Z,2026-10-07 07:45:45,Wednesday,2,7,45,19,ok
2026-10-07T05:01:17Z,2026-10-07 08:01:17,Wednesday,2,8,1,17,ok
2026-10-07T05:15:48Z,2026-10-07 08:15:48,Wednesday,2,8,15,18,ok
2026-10-07T05:31:05Z,2026-10-07 08:31:05,Wednesday,2,8,31,16,ok
2026-10-07T05:45:46Z,2026-10-07 08:45:46,Wednesday,2,8,45,15,ok
2026-10-07T06:01:26Z,2026-10-07 09:01:26,Wednesday,2,9,1,15,ok
2026-10-07T06:15:44Z,2026-10-07 09:15:44,Wednesday,2,9,15,13,ok
2026-10-07T06:31:10Z,2026-10-07 09:31:10,Wednesday,2,9,31,13,ok
2026-10-07T06:45:48Z,2026-10-07 09:45:48,Wednesday,2,9,45,13,ok
2026-10-07T07:01:24Z,2026-10-07 10:01:24,Wednesday,2,10,1,14,ok
2026-10-07T07:06:42Z,2026-10-07 10:06:42,Wednesday,2,10,6,14,ok
2026-10-07T07:15:48Z,2026-10-07 10:15:48,Wednesday,2,10,15,14,ok
2026-10-07T07:31:06Z,2026-10-07 10:31:06,Wednesday,2,10,31,14,ok
2026-10-07T07:45:47Z,2026-10-07 10:45:47,Wednesday,2,10,45,15,ok
2026-10-07T08:01:27Z,2026-10-07 11:01:27,Wednesday,2,11,1,15,ok
2026-10-07T08:15:45Z,2026-10-07 11:15:45,Wednesday,2,11,15,14,ok
2026-10-07T08:31:09Z,2026-10-07 11:31:09,Wednesday,2,11,31,16,ok
2026-10-07T08:45:51Z,2026-10-07 11:45:51,Wednesday,2,11,45,17,ok
2026-10-07T09:01:26Z,2026-10-07 12:01:26,Wednesday,2,12,1,20,ok
2026-10-07T09:15:46Z,2026-10-07 12:15:46,Wednesday,2,12,15,22,ok
2026-10-07T09:31:01Z,2026-10-07 12:31:01,Wednesday,2,12,31,23,ok
2026-10-07T09:45:47Z,2026-10-07 12:45:47,Wednesday,2,12,45,22,ok
2026-10-07T10:01:20Z,2026-10-07 13:01:20,Wednesday,2,13,1,22,ok
2026-10-07T10:15:48Z,2026-10-07 13:15:48,Wednesday,2,13,15,22,ok
2026-10-07T10:31:06Z,2026-10-07 13:31:06,Wednesday,2,13,31,23,ok
2026-10-07T10:45:48Z,2026-10-07 13:45:48,Wednesday,2,13,45,22,ok
2026-10-07T11:01:21Z,2026-10-07 14:01:21,Wednesday,2,14,1,20,ok
2026-10-07T11:15:50Z,2026-10-07 14:15:50,Wednesday,2,14,15,20,ok
2026-10-07T11:31:09Z,2026-10-07 14:31:09,Wednesday,2,14,31,20,ok
2026-10-07T11:45:47Z,2026-10-07 14:45:47,Wednesday,2,14,45,20,ok
2026-10-07T12:01:23Z,2026-10-07 15:01:23,Wednesday,2,15,1,28,ok
2026-10-07T12:16:12Z,2026-10-07 15:16:12,Wednesday,2,15,16,33,ok
2026-10-07T12:31:11Z,2026-10-07 15:31:11,Wednesday,2,15,31,35,ok
2026-10-07T12:45:49Z,2026-10-07 15:45:49,Wednesday,2,15,45,42,ok
2026-10-07T13:01:23Z,2026-10-07 16:01:23,Wednesday,2,16,1,48,ok
2026-10-07T13:15:47Z,2026-10-07 16:15:47,Wednesday,2,16,15,46,ok
2026-10-07T13:31:08Z,2026-10-07 16:31:08,Wednesday,2,16,31,43,ok
2026-10-07T13:45:48Z,2026-10-07 16:45:48,Wednesday,2,16,45,47,ok
2026-10-07T14:01:28Z,2026-10-07 17:01:28,Wednesday,2,17,1,49,ok
2026-10-07T14:15:49Z,2026-10-07 17:15:49,Wednesday,2,17,15,50,ok
2026-10-07T14:31:13Z,2026-10-07 17:31:13,Wednesday,2,17,31,53,ok
2026-10-07T14:33:19Z,2026-10-07 17:33:19,Wednesday,2,17,33,55,ok
2026-10-07T14:45:48Z,2026-10-07 17:45:48,Wednesday,2,17,45,58,ok
2026-10-07T15:01:23Z,2026-10-07 18:01:23,Wednesday,2,18,1,58,ok
2026-10-07T15:45:47Z,2026-10-07 18:45:47,Wednesday,2,18,45,66,ok
2026-10-07T16:01:21Z,2026-10-07 19:01:21,Wednesday,2,19,1,67,ok
2026-10-07T16:23:00Z,2026-10-07 19:23:00,Wednesday,2,19,23,67,ok
2026-10-07T16:31:09Z,2026-10-07 19:31:09,Wednesday,2,19,31,61,ok
2026-10-07T16:45:48Z,2026-10-07 19:45:48,Wednesday,2,19,45,51,ok
2026-10-07T17:03:06Z,2026-10-07 20:03:06,Wednesday,2,20,3,50,ok
2026-10-07T17:15:47Z,2026-10-07 20:15:47,Wednesday,2,20,15,42,ok
2026-10-07T17:31:14Z,2026-10-07 20:31:14,Wednesday,2,20,31,39,ok
2026-10-07T17:45:48Z,2026-10-07 20:45:48,Wednesday,2,20,45,33,ok
2026-10-07T18:01:19Z,2026-10-07 21:01:19,Wednesday,2,21,1,30,ok
2026-10-07T18:15:47Z,2026-10-07 21:15:47,Wednesday,2,21,15,27,ok
2026-10-07T18:31:06Z,2026-10-07 21:31:06,Wednesday,2,21,31,22,ok
2026-10-07T18:45:50Z,2026-10-07 21:45:50,Wednesday,2,21,45,15,ok
2026-10-07T19:01:20Z,2026-10-07 22:01:20,Wednesday,2,22,1,0,ok
2026-10-07T19:15:51Z,2026-10-07 22:15:51,Wednesday,2,22,15,0,ok
2026-10-07T19:31:08Z,2026-10-07 22:31:08,Wednesday,2,22,31,0,ok
2026-10-07T19:45:49Z,2026-10-07 22:45:49,Wednesday,2,22,45,0,ok
2026-10-07T20:01:22Z,2026-10-07 23:01:22,Wednesday,2,23,1,0,ok
2026-10-07T20:12:31Z,2026-10-07 23:12:31,Wednesday,2,23,12,0,ok
2026-10-07T20:15:46Z,2026-10-07 23:15:46,Wednesday,2,23,15,0,ok
2026-10-07T20:31:06Z,2026-10-07 23:31:06,Wednesday,2,23,31,0,ok
2026-10-07T20:45:49Z,2026-10-07 23:45:49,Wednesday,2,23,45,0,ok
2026-10-07T21:01:21Z,2026-10-08 00:01:21,Thursday,3,0,1,0,ok
2026-10-07T21:15:48Z,2026-10-08 00:15:48,Thursday,3,0,15,0,ok
2026-10-07T21:31:03Z,2026-10-08 00:31:03,Thursday,3,0,31,0,ok
2026-10-07T21:45:45Z,2026-10-08 00:45:45,Thursday,3,0,45,0,ok
2026-10-07T22:01:23Z,2026-10-08 01:01:23,Thursday,3,1,1,0,ok
2026-10-07T22:15:45Z,2026-10-08 01:15:45,Thursday,3,1,15,0,ok
2026-10-07T22:31:05Z,2026-10-08 01:31:05,Thursday,3,1,31,0,ok
2026-10-07T22:45:49Z,2026-10-08 01:45:49,Thursday,3,1,45,0,ok
2026-10-07T23:01:18Z,2026-10-08 02:01:18,Thursday,3,2,1,0,ok
2026-10-07T23:15:44Z,2026-10-08 02:15:44,Thursday,3,2,15,0,ok
2026-10-07T23:31:04Z,2026-10-08 02:31:04,Thursday,3,2,31,0,ok
2026-10-07T23:45:44Z,2026-10-08 02:45:44,Thursday,3,2,45,0,ok
2026-10-08T00:01:22Z,2026-10-08 03:01:22,Thursday,3,3,1,0,ok
2026-10-08T00:13:53Z,2026-10-08 03:13:53,Thursday,3,3,13,0,ok
2026-10-08T00:15:47Z,2026-10-08 03:15:47,Thursday,3,3,15,0,ok
2026-10-08T00:31:05Z,2026-10-08 03:31:05,Thursday,3,3,31,0,ok
2026-10-08T00:45:46Z,2026-10-08 03:45:46,Thursday,3,3,45,0,ok
2026-10-08T01:01:20Z,2026-10-08 04:01:20,Thursday,3,4,1,0,ok
2026-10-08T01:15:43Z,2026-10-08 04:15:43,Thursday,3,4,15,0,ok
2026-10-08T01:31:05Z,2026-10-08 04:31:05,Thursday,3,4,31,0,ok
2026-10-08T01:45:47Z,2026-10-08 04:45:47,Thursday,3,4,45,0,ok
2026-10-08T02:01:17Z,2026-10-08 05:01:17,Thursday,3,5,1,0,ok
2026-10-08T02:15:47Z,2026-10-08 05:15:47,Thursday,3,5,15,0,ok
2026-10-08T02:31:14Z,2026-10-08 05:31:14,Thursday,3,5,31,0,ok
2026-10-08T02:45:45Z,2026-10-08 05:45:45,Thursday,3,5,45,0,ok
2026-10-08T03:01:18Z,2026-10-08 06:01:18,Thursday,3,6,1,3,ok
2026-10-08T03:15:46Z,2026-10-08 06:15:46,Thursday,3,6,15,9,ok
2026-10-08T03:31:02Z,2026-10-08 06:31:02,Thursday,3,6,31,10,ok
2026-10-08T03:45:45Z,2026-10-08 06:45:45,Thursday,3,6,45,11,ok
2026-10-08T04:01:19Z,2026-10-08 07:01:19,Thursday,3,7,1,13,ok
2026-10-08T04:15:43Z,2026-10-08 07:15:43,Thursday,3,7,15,14,ok
2026-10-08T04:31:08Z,2026-10-08 07:31:08,Thursday,3,7,31,15,ok
2026-10-08T04:45:43Z,2026-10-08 07:45:43,Thursday,3,7,45,14,ok
2026-10-08T05:01:19Z,2026-10-08 08:01:19,Thursday,3,8,1,13,ok
2026-10-08T05:15:45Z,2026-10-08 08:15:45,Thursday,3,8,15,14,ok
2026-10-08T05:31:04Z,2026-10-08 08:31:04,Thursday,3,8,31,14,ok
2026-10-08T05:45:46Z,2026-10-08 08:45:46,Thursday,3,8,45,14,ok
2026-10-08T06:01:20Z,2026-10-08 09:01:20,Thursday,3,9,1,18,ok
2026-10-08T06:12:05Z,2026-10-08 09:12:05,Thursday,3,9,12,19,ok
2026-10-08T06:15:46Z,2026-10-08 09:15:46,Thursday,3,9,15,17,ok
2026-10-08T06:31:08Z,2026-10-08 09:31:08,Thursday,3,9,31,16,ok
2026-10-08T06:45:45Z,2026-10-08 09:45:45,Thursday,3,9,45,18,ok
2026-10-08T07:01:20Z,2026-10-08 10:01:20,Thursday,3,10,1,17,ok
2026-10-08T07:15:44Z,2026-10-08 10:15:44,Thursday,3,10,15,17,ok
2026-10-08T07:31:06Z,2026-10-08 10:31:06,Thursday,3,10,31,12,ok
2026-10-08T07:45:47Z,2026-10-08 10:45:47,Thursday,3,10,45,15,ok
2026-10-08T08:01:23Z,2026-10-08 11:01:23,Thursday,3,11,1,18,ok
2026-10-08T08:15:47Z,2026-10-08 11:15:47,Thursday,3,11,15,18,ok
2026-10-08T08:31:07Z,2026-10-08 11:31:07,Thursday,3,11,31,18,ok
2026-10-08T08:45:50Z,2026-10-08 11:45:50,Thursday,3,11,45,20,ok
2026-10-08T09:01:25Z,2026-10-08 12:01:25,Thursday,3,12,1,23,ok
2026-10-08T09:16:02Z,2026-10-08 12:16:02,Thursday,3,12,16,21,ok
2026-10-08T09:31:05Z,2026-10-08 12:31:05,Thursday,3,12,31,21,ok
2026-10-08T09:45:43Z,2026-10-08 12:45:43,Thursday,3,12,45,,http_error:URLError
2026-10-08T10:01:12Z,2026-10-08 13:01:12,Thursday,3,13,1,17,ok
2026-10-08T10:15:47Z,2026-10-08 13:15:47,Thursday,3,13,15,15,ok
2026-10-08T10:30:53Z,2026-10-08 13:30:53,Thursday,3,13,30,14,ok
2026-10-08T10:45:36Z,2026-10-08 13:45:36,Thursday,3,13,45,14,ok
2026-10-08T11:01:19Z,2026-10-08 14:01:19,Thursday,3,14,1,14,ok
2026-10-08T11:15:40Z,2026-10-08 14:15:40,Thursday,3,14,15,15,ok
2026-10-08T11:30:55Z,2026-10-08 14:30:55,Thursday,3,14,30,15,ok
2026-10-08T11:45:38Z,2026-10-08 14:45:38,Thursday,3,14,45,16,ok
2026-10-08T12:01:08Z,2026-10-08 15:01:08,Thursday,3,15,1,22,ok
2026-10-08T12:15:37Z,2026-10-08 15:15:37,Thursday,3,15,15,27,ok
2026-10-08T12:31:01Z,2026-10-08 15:31:01,Thursday,3,15,31,30,ok
2026-10-08T12:45:37Z,2026-10-08 15:45:37,Thursday,3,15,45,33,ok
2026-10-08T13:01:08Z,2026-10-08 16:01:08,Thursday,3,16,1,41,ok
2026-10-08T13:15:38Z,2026-10-08 16:15:38,Thursday,3,16,15,40,ok
2026-10-08T13:30:59Z,2026-10-08 16:30:59,Thursday,3,16,30,40,ok
2026-10-08T13:35:48Z,2026-10-08 16:35:48,Thursday,3,16,35,42,ok
2026-10-08T13:45:36Z,2026-10-08 16:45:36,Thursday,3,16,45,46,ok
2026-10-08T14:01:08Z,2026-10-08 17:01:08,Thursday,3,17,1,51,ok
2026-10-08T14:15:41Z,2026-10-08 17:15:41,Thursday,3,17,15,52,ok
2026-10-08T14:31:00Z,2026-10-08 17:31:00,Thursday,3,17,31,52,ok
2026-10-08T14:45:40Z,2026-10-08 17:45:40,Thursday,3,17,45,54,ok
2026-10-08T15:01:11Z,2026-10-08 18:01:11,Thursday,3,18,1,52,ok
2026-10-08T15:15:42Z,2026-10-08 18:15:42,Thursday,3,18,15,49,ok
2026-10-08T15:30:57Z,2026-10-08 18:30:57,Thursday,3,18,30,58,ok
2026-10-08T15:45:39Z,2026-10-08 18:45:39,Thursday,3,18,45,57,ok
2026-10-08T16:01:12Z,2026-10-08 19:01:12,Thursday,3,19,1,57,ok
2026-10-08T16:15:43Z,2026-10-08 19:15:43,Thursday,3,19,15,56,ok
2026-10-08T16:30:57Z,2026-10-08 19:30:57,Thursday,3,19,30,50,ok
2026-10-08T16:45:35Z,2026-10-08 19:45:35,Thursday,3,19,45,48,ok
2026-10-08T17:01:08Z,2026-10-08 20:01:08,Thursday,3,20,1,47,ok
2026-10-08T17:15:36Z,2026-10-08 20:15:36,Thursday,3,20,15,42,ok
2026-10-08T17:30:54Z,2026-10-08 20:30:54,Thursday,3,20,30,36,ok
2026-10-08T17:45:39Z,2026-10-08 20:45:39,Thursday,3,20,45,30,ok
2026-10-08T18:01:06Z,2026-10-08 21:01:06,Thursday,3,21,1,24,ok
2026-10-08T18:15:37Z,2026-10-08 21:15:37,Thursday,3,21,15,21,ok
2026-10-08T18:30:58Z,2026-10-08 21:30:58,Thursday,3,21,30,17,ok
2026-10-08T18:45:37Z,2026-10-08 21:45:37,Thursday,3,21,45,15,ok
2026-10-08T19:01:06Z,2026-10-08 22:01:06,Thursday,3,22,1,0,ok
2026-10-08T19:15:36Z,2026-10-08 22:15:36,Thursday,3,22,15,0,ok
2026-10-08T19:29:50Z,2026-10-08 22:29:50,Thursday,3,22,29,0,ok
2026-10-08T19:31:08Z,2026-10-08 22:31:08,Thursday,3,22,31,0,ok
2026-10-08T19:45:38Z,2026-10-08 22:45:38,Thursday,3,22,45,0,ok
2026-10-08T20:01:03Z,2026-10-08 23:01:03,Thursday,3,23,1,0,ok
2026-10-08T20:15:35Z,2026-10-08 23:15:35,Thursday,3,23,15,0,ok
2026-10-08T20:30:56Z,2026-10-08 23:30:56,Thursday,3,23,30,0,ok
2026-10-08T20:45:36Z,2026-10-08 23:45:36,Thursday,3,23,45,0,ok
2026-10-08T21:01:05Z,2026-10-09 00:01:05,Friday,4,0,1,0,ok
2026-10-08T21:15:36Z,2026-10-09 00:15:36,Friday,4,0,15,0,ok
2026-10-08T21:30:51Z,2026-10-09 00:30:51,Friday,4,0,30,0,ok
2026-10-08T21:45:34Z,2026-10-09 00:45:34,Friday,4,0,45,0,ok
2026-10-08T22:01:06Z,2026-10-09 01:01:06,Friday,4,1,1,0,ok
2026-10-08T22:15:35Z,2026-10-09 01:15:35,Friday,4,1,15,0,ok
2026-10-08T22:30:52Z,2026-10-09 01:30:52,Friday,4,1,30,0,ok
2026-10-08T22:45:38Z,2026-10-09 01:45:38,Friday,4,1,45,0,ok
2026-10-08T23:01:06Z,2026-10-09 02:01:06,Friday,4,2,1,0,ok
2026-10-08T23:15:35Z,2026-10-09 02:15:35,Friday,4,2,15,0,ok
2026-10-08T23:30:53Z,2026-10-09 02:30:53,Friday,4,2,30,0,ok
2026-10-08T23:45:37Z,2026-10-09 02:45:37,Friday,4,2,45,0,ok
2026-10-08T23:53:44Z,2026-10-09 02:53:44,Friday,4,2,53,0,ok
2026-10-09T00:01:09Z,2026-10-09 03:01:09,Friday,4,3,1,0,ok
2026-10-09T00:15:38Z,2026-10-09 03:15:38,Friday,4,3,15,0,ok
2026-10-09T00:30:57Z,2026-10-09 03:30:57,Friday,4,3,30,0,ok
2026-10-09T00:45:36Z,2026-10-09 03:45:36,Friday,4,3,45,,http_error:URLError
2026-10-09T01:01:07Z,2026-10-09 04:01:07,Friday,4,4,1,0,ok
2026-10-09T01:15:39Z,2026-10-09 04:15:39,Friday,4,4,15,0,ok
2026-10-09T01:30:53Z,2026-10-09 04:30:53,Friday,4,4,30,0,ok
2026-10-09T01:45:35Z,2026-10-09 04:45:35,Friday,4,4,45,0,ok
2026-10-09T02:01:04Z,2026-10-09 05:01:04,Friday,4,5,1,0,ok
2026-10-09T02:15:36Z,2026-10-09 05:15:36,Friday,4,5,15,0,ok
2026-10-09T02:30:55Z,2026-10-09 05:30:55,Friday,4,5,30,0,ok
2026-10-09T02:45:36Z,2026-10-09 05:45:36,Friday,4,5,45,0,ok
2026-10-09T03:01:07Z,2026-10-09 06:01:07,Friday,4,6,1,2,ok
2026-10-09T03:15:37Z,2026-10-09 06:15:37,Friday,4,6,15,10,ok
2026-10-09T03:30:53Z,2026-10-09 06:30:53,Friday,4,6,30,11,ok
2026-10-09T03:45:36Z,2026-10-09 06:45:36,Friday,4,6,45,14,ok
2026-10-09T04:01:07Z,2026-10-09 07:01:07,Friday,4,7,1,15,ok
2026-10-09T04:15:37Z,2026-10-09 07:15:37,Friday,4,7,15,15,ok
2026-10-09T04:30:53Z,2026-10-09 07:30:53,Friday,4,7,30,14,ok
2026-10-09T04:45:34Z,2026-10-09 07:45:34,Friday,4,7,45,14,ok
2026-10-09T05:01:04Z,2026-10-09 08:01:04,Friday,4,8,1,13,ok
2026-10-09T05:15:35Z,2026-10-09 08:15:35,Friday,4,8,15,14,ok
2026-10-09T05:30:53Z,2026-10-09 08:30:53,Friday,4,8,30,13,ok
2026-10-09T05:44:40Z,2026-10-09 08:44:40,Friday,4,8,44,13,ok
2026-10-09T05:45:34Z,2026-10-09 08:45:34,Friday,4,8,45,13,ok
2026-10-09T06:01:06Z,2026-10-09 09:01:06,Friday,4,9,1,14,ok
2026-10-09T06:15:36Z,2026-10-09 09:15:36,Friday,4,9,15,15,ok
2026-10-09T06:31:02Z,2026-10-09 09:31:02,Friday,4,9,31,13,ok
2026-10-09T06:45:40Z,2026-10-09 09:45:40,Friday,4,9,45,14,ok
2026-10-09T07:01:06Z,2026-10-09 10:01:06,Friday,4,10,1,14,ok
2026-10-09T07:15:39Z,2026-10-09 10:15:39,Friday,4,10,15,16,ok
2026-10-09T07:30:57Z,2026-10-09 10:30:57,Friday,4,10,30,17,ok
2026-10-09T07:45:39Z,2026-10-09 10:45:39,Friday,4,10,45,18,ok
2026-10-09T08:01:05Z,2026-10-09 11:01:05,Friday,4,11,1,20,ok
2026-10-09T08:15:37Z,2026-10-09 11:15:37,Friday,4,11,15,21,ok
2026-10-09T08:30:56Z,2026-10-09 11:30:56,Friday,4,11,30,22,ok
2026-10-09T08:45:37Z,2026-10-09 11:45:37,Friday,4,11,45,23,ok
2026-10-09T09:01:09Z,2026-10-09 12:01:09,Friday,4,12,1,25,ok
2026-10-09T09:15:37Z,2026-10-09 12:15:37,Friday,4,12,15,25,ok
2026-10-09T09:30:55Z,2026-10-09 12:30:55,Friday,4,12,30,24,ok
2026-10-09T09:45:37Z,2026-10-09 12:45:37,Friday,4,12,45,23,ok
2026-10-09T10:01:07Z,2026-10-09 13:01:07,Friday,4,13,1,21,ok
2026-10-09T10:16:16Z,2026-10-09 13:16:16,Friday,4,13,16,21,ok
2026-10-09T10:30:54Z,2026-10-09 13:30:54,Friday,4,13,30,22,ok
2026-10-09T10:45:36Z,2026-10-09 13:45:36,Friday,4,13,45,22,ok
2026-10-09T11:01:07Z,2026-10-09 14:01:07,Friday,4,14,1,23,ok
2026-10-09T11:15:36Z,2026-10-09 14:15:36,Friday,4,14,15,23,ok
2026-10-09T11:30:54Z,2026-10-09 14:30:54,Friday,4,14,30,29,ok
2026-10-09T11:45:36Z,2026-10-09 14:45:36,Friday,4,14,45,32,ok
2026-10-09T12:01:08Z,2026-10-09 15:01:08,Friday,4,15,1,38,ok
2026-10-09T12:07:03Z,2026-10-09 15:07:03,Friday,4,15,7,41,ok
2026-10-09T12:15:37Z,2026-10-09 15:15:37,Friday,4,15,15,41,ok
2026-10-09T12:30:56Z,2026-10-09 15:30:56,Friday,4,15,30,42,ok
2026-10-09T12:45:37Z,2026-10-09 15:45:37,Friday,4,15,45,41,ok
2026-10-09T13:01:08Z,2026-10-09 16:01:08,Friday,4,16,1,50,ok
2026-10-09T13:15:37Z,2026-10-09 16:15:37,Friday,4,16,15,47,ok
2026-10-09T13:30:55Z,2026-10-09 16:30:55,Friday,4,16,30,41,ok
2026-10-09T13:45:36Z,2026-10-09 16:45:36,Friday,4,16,45,45,ok
2026-10-09T14:01:08Z,2026-10-09 17:01:08,Friday,4,17,1,52,ok
2026-10-09T14:15:42Z,2026-10-09 17:15:42,Friday,4,17,15,48,ok
2026-10-09T14:30:56Z,2026-10-09 17:30:56,Friday,4,17,30,51,ok
2026-10-09T14:45:40Z,2026-10-09 17:45:40,Friday,4,17,45,54,ok
2026-10-09T15:01:09Z,2026-10-09 18:01:09,Friday,4,18,1,54,ok
2026-10-09T15:15:38Z,2026-10-09 18:15:38,Friday,4,18,15,57,ok
2026-10-09T15:31:00Z,2026-10-09 18:31:00,Friday,4,18,31,64,ok
2026-10-09T15:45:41Z,2026-10-09 18:45:41,Friday,4,18,45,61,ok
2026-10-09T16:01:10Z,2026-10-09 19:01:10,Friday,4,19,1,60,ok
2026-10-09T16:15:36Z,2026-10-09 19:15:36,Friday,4,19,15,58,ok
2026-10-09T16:30:55Z,2026-10-09 19:30:55,Friday,4,19,30,51,ok
